game_name,game_rank,game_year,genre,na_sales,eu_sales,jp_sales,other_sales,platform,publisher,title,rank,report_date
"Grand Theft Auto V",17,2013,Action,7.01,9.27,0.97,4.14,PS3,"Take-Two Interactive","Grand Theft Auto V",5,2019-05-30
"Grand Theft Auto V",24,2013,Action,9.63,5.31,0.06,1.38,X360,"Take-Two Interactive","Grand Theft Auto V",5,2019-05-30
"Grand Theft Auto V",45,2014,Action,3.8,5.81,0.36,2.02,PS4,"Take-Two Interactive","Grand Theft Auto V",5,2019-05-30
"Grand Theft Auto V",198,2014,Action,2.66,2.01,0,0.41,XOne,"Take-Two Interactive","Grand Theft Auto V",5,2019-05-30
"Grand Theft Auto V",1898,2015,Action,0.36,0.64,0,0.08,PC,"Take-Two Interactive","Grand Theft Auto V",5,2019-05-30
"Wii Sports",1,2006,Sports,41.49,29.02,3.77,8.46,Wii,Nintendo,NULL,NULL,NULL
"Super Mario Bros.",2,1985,Platform,29.08,3.58,6.81,0.77,NES,Nintendo,NULL,NULL,NULL
"Mario Kart Wii",3,2008,Racing,15.85,12.88,3.79,3.31,Wii,Nintendo,NULL,NULL,NULL
"Wii Sports Resort",4,2009,Sports,15.75,11.01,3.28,2.96,Wii,Nintendo,NULL,NULL,NULL
"Pokemon Red/Pokemon Blue",5,1996,Role-Playing,11.27,8.89,10.22,1,GB,Nintendo,NULL,NULL,NULL
Tetris,6,1989,Puzzle,23.2,2.26,4.22,0.58,GB,Nintendo,NULL,NULL,NULL
"New Super Mario Bros.",7,2006,Platform,11.38,9.23,6.5,2.9,DS,Nintendo,NULL,NULL,NULL
"Wii Play",8,2006,Misc,14.03,9.2,2.93,2.85,Wii,Nintendo,NULL,NULL,NULL
"New Super Mario Bros. Wii",9,2009,Platform,14.59,7.06,4.7,2.26,Wii,Nintendo,NULL,NULL,NULL
"Duck Hunt",10,1984,Shooter,26.93,0.63,0.28,0.47,NES,Nintendo,NULL,NULL,NULL
Nintendogs,11,2005,Simulation,9.07,11,1.93,2.75,DS,Nintendo,NULL,NULL,NULL
"Mario Kart DS",12,2005,Racing,9.81,7.57,4.13,1.92,DS,Nintendo,NULL,NULL,NULL
"Pokemon Gold/Pokemon Silver",13,1999,Role-Playing,9,6.18,7.2,0.71,GB,Nintendo,NULL,NULL,NULL
"Wii Fit",14,2007,Sports,8.94,8.03,3.6,2.15,Wii,Nintendo,NULL,NULL,NULL
"Wii Fit Plus",15,2009,Sports,9.09,8.59,2.53,1.79,Wii,Nintendo,NULL,NULL,NULL
"Kinect Adventures!",16,2010,Misc,14.97,4.94,0.24,1.67,X360,"Microsoft Game Studios",NULL,NULL,NULL
"Grand Theft Auto: San Andreas",18,2004,Action,9.43,0.4,0.41,10.57,PS2,"Take-Two Interactive",NULL,NULL,NULL
"Super Mario World",19,1990,Platform,12.78,3.75,3.54,0.55,SNES,Nintendo,NULL,NULL,NULL
"Pokemon Diamond/Pokemon Pearl",21,2006,Role-Playing,6.42,4.52,6.04,1.37,DS,Nintendo,NULL,NULL,NULL
"Super Mario Land",22,1989,Platform,10.83,2.71,4.18,0.42,GB,Nintendo,NULL,NULL,NULL
"Super Mario Bros. 3",23,1988,Platform,9.54,3.44,3.84,0.46,NES,Nintendo,NULL,NULL,NULL
"Grand Theft Auto: Vice City",25,2002,Action,8.41,5.49,0.47,1.78,PS2,"Take-Two Interactive",NULL,NULL,NULL
"Pokemon Ruby/Pokemon Sapphire",26,2002,Role-Playing,6.06,3.9,5.38,0.5,GBA,Nintendo,NULL,NULL,NULL
"Pokemon Black/Pokemon White",27,2010,Role-Playing,5.57,3.28,5.65,0.82,DS,Nintendo,NULL,NULL,NULL
"Brain Age 2: More Training in Minutes a Day",28,2005,Puzzle,3.44,5.36,5.32,1.18,DS,Nintendo,NULL,NULL,NULL
"Gran Turismo 3: A-Spec",29,2001,Racing,6.85,5.09,1.87,1.16,PS2,"Sony Computer Entertainment",NULL,NULL,NULL
"Call of Duty: Modern Warfare 3",30,2011,Shooter,9.03,4.28,0.13,1.32,X360,Activision,NULL,NULL,NULL
,31,1998,Role-Playing,5.89,5.04,3.12,0.59,GB,Nintendo,NULL,NULL,NULL
"Call of Duty: Black Ops",32,2010,Shooter,9.67,3.73,0.11,1.13,X360,Activision,NULL,NULL,NULL
"Pokemon X/Pokemon Y",33,2013,Role-Playing,5.17,4.05,4.34,0.79,3DS,Nintendo,NULL,NULL,NULL
"Call of Duty: Black Ops 3",34,2015,Shooter,5.77,5.81,0.35,2.31,PS4,Activision,NULL,NULL,NULL
"Call of Duty: Black Ops II",35,2012,Shooter,4.99,5.88,0.65,2.52,PS3,Activision,NULL,NULL,NULL
"Call of Duty: Black Ops II",36,2012,Shooter,8.25,4.3,0.07,1.12,X360,Activision,NULL,NULL,NULL
"Call of Duty: Modern Warfare 2",37,2009,Shooter,8.52,3.63,0.08,1.29,X360,Activision,NULL,NULL,NULL
"Call of Duty: Modern Warfare 3",38,2011,Shooter,5.54,5.82,0.49,1.62,PS3,Activision,NULL,NULL,NULL
"Grand Theft Auto III",39,2001,Action,6.99,4.51,0.3,1.3,PS2,"Take-Two Interactive",NULL,NULL,NULL
"Super Smash Bros. Brawl",40,2008,Fighting,6.75,2.61,2.66,1.02,Wii,Nintendo,NULL,NULL,NULL
"Call of Duty: Black Ops",41,2010,Shooter,5.98,4.44,0.48,1.83,PS3,Activision,NULL,NULL,NULL
"Animal Crossing: Wild World",42,2005,Simulation,2.55,3.52,5.33,0.88,DS,Nintendo,NULL,NULL,NULL
"Mario Kart 7",43,2011,Racing,4.74,3.91,2.67,0.89,3DS,Nintendo,NULL,NULL,NULL
"Halo 3",44,2007,Shooter,7.97,2.83,0.13,1.21,X360,"Microsoft Game Studios",NULL,NULL,NULL
"Pokemon HeartGold/Pokemon SoulSilver",46,2009,Action,4.4,2.77,3.96,0.77,DS,Nintendo,NULL,NULL,NULL
"Super Mario 64",47,1996,Platform,6.91,2.85,1.91,0.23,N64,Nintendo,NULL,NULL,NULL
"Gran Turismo 4",48,2004,Racing,3.01,0.01,1.1,7.53,PS2,"Sony Computer Entertainment",NULL,NULL,NULL
"Super Mario Galaxy",49,2007,Platform,6.16,3.4,1.2,0.76,Wii,Nintendo,NULL,NULL,NULL
"Pokemon Omega Ruby/Pokemon Alpha Sapphire",50,2014,Role-Playing,4.23,3.37,3.08,0.65,3DS,Nintendo,NULL,NULL,NULL
"Super Mario Land 2: 6 Golden Coins",51,1992,Adventure,6.16,2.04,2.69,0.29,GB,Nintendo,NULL,NULL,NULL
"Grand Theft Auto IV",52,2008,Action,6.76,3.1,0.14,1.03,X360,"Take-Two Interactive",NULL,NULL,NULL
"Gran Turismo",53,1997,Racing,4.02,3.87,2.54,0.52,PS,"Sony Computer Entertainment",NULL,NULL,NULL
"Super Mario 3D Land",54,2011,Platform,4.89,2.99,2.13,0.78,3DS,Nintendo,NULL,NULL,NULL
"Gran Turismo 5",55,2010,Racing,2.96,4.88,0.81,2.12,PS3,"Sony Computer Entertainment",NULL,NULL,NULL
"Call of Duty: Modern Warfare 2",56,2009,Shooter,4.99,3.69,0.38,1.63,PS3,Activision,NULL,NULL,NULL
"Grand Theft Auto IV",57,2008,Action,4.76,3.76,0.44,1.62,PS3,"Take-Two Interactive",NULL,NULL,NULL
"Super Mario All-Stars",58,1993,Platform,5.99,2.15,2.12,0.29,SNES,Nintendo,NULL,NULL,NULL
"Pokemon FireRed/Pokemon LeafGreen",59,2004,Role-Playing,4.34,2.65,3.15,0.35,GBA,Nintendo,NULL,NULL,NULL
"Super Mario 64",60,2004,Platform,5.08,3.11,1.25,0.98,DS,Nintendo,NULL,NULL,NULL
"Just Dance 3",61,2011,Misc,6.05,3.15,0,1.07,Wii,Ubisoft,NULL,NULL,NULL
"Call of Duty: Ghosts",62,2013,Shooter,6.72,2.63,0.04,0.82,X360,Activision,NULL,NULL,NULL
"Halo: Reach",63,2010,Shooter,7.03,1.98,0.08,0.78,X360,"Microsoft Game Studios",NULL,NULL,NULL
"Mario Kart 64",64,1996,Racing,5.55,1.94,2.23,0.15,N64,Nintendo,NULL,NULL,NULL
"New Super Mario Bros. 2",65,2012,Platform,3.66,3.07,2.47,0.63,3DS,Nintendo,NULL,NULL,NULL
"Halo 4",66,2012,Shooter,6.63,2.36,0.04,0.73,X360,"Microsoft Game Studios",NULL,NULL,NULL
"Final Fantasy VII",67,1997,Role-Playing,3.01,2.47,3.28,0.96,PS,"Sony Computer Entertainment",NULL,NULL,NULL
"Call of Duty: Ghosts",68,2013,Shooter,4.09,3.73,0.38,1.38,PS3,Activision,NULL,NULL,NULL
"Just Dance 2",69,2010,Misc,5.84,2.89,0.01,0.78,Wii,Ubisoft,NULL,NULL,NULL
"Gran Turismo 2",70,1999,Racing,3.88,3.42,1.69,0.5,PS,"Sony Computer Entertainment",NULL,NULL,NULL
"Call of Duty 4: Modern Warfare",71,2007,Shooter,5.91,2.38,0.13,0.9,X360,Activision,NULL,NULL,NULL
"Donkey Kong Country",72,1994,Platform,4.36,1.71,3,0.23,SNES,Nintendo,NULL,NULL,NULL
Minecraft,73,2013,Misc,5.58,2.83,0.02,0.77,X360,"Microsoft Game Studios",NULL,NULL,NULL
"Animal Crossing: New Leaf",74,2012,Simulation,2.01,2.32,4.36,0.41,3DS,Nintendo,NULL,NULL,NULL
"Mario Party DS",75,2007,Misc,4.46,1.88,1.98,0.7,DS,Nintendo,NULL,NULL,NULL
"The Elder Scrolls V: Skyrim",76,2011,Role-Playing,5.03,2.86,0.1,0.85,X360,"Bethesda Softworks",NULL,NULL,NULL
"Super Mario Kart",77,1992,Racing,3.54,1.24,3.81,0.18,SNES,Nintendo,NULL,NULL,NULL
"FIFA 16",78,2015,Sports,1.11,6.06,0.06,1.26,PS4,"Electronic Arts",NULL,NULL,NULL
"Wii Party",79,2010,Misc,1.79,3.53,2.49,0.68,Wii,Nintendo,NULL,NULL,NULL
"Halo 2",80,2004,Shooter,6.82,1.53,0.05,0.08,XB,"Microsoft Game Studios",NULL,NULL,NULL
"Mario Party 8",81,2007,Misc,3.81,2.3,1.58,0.73,Wii,Nintendo,NULL,NULL,NULL
"Pokemon Black 2/Pokemon White 2",82,2012,Role-Playing,2.91,1.86,3.14,0.43,DS,Nintendo,NULL,NULL,NULL
"FIFA Soccer 13",83,2012,Action,1.06,5.05,0.13,2.01,PS3,"Electronic Arts",NULL,NULL,NULL
"The Sims 3",84,2009,Simulation,0.98,6.42,0,0.71,PC,"Electronic Arts",NULL,NULL,NULL
"GoldenEye 007",85,1997,Shooter,5.8,2.01,0.13,0.15,N64,Nintendo,NULL,NULL,NULL
"Mario & Sonic at the Olympic Games",86,2007,Sports,2.58,3.9,0.66,0.91,Wii,Sega,NULL,NULL,NULL
"Final Fantasy X",87,2001,Role-Playing,2.91,2.07,2.73,0.33,PS2,"Sony Computer Entertainment",NULL,NULL,NULL
"Final Fantasy VIII",88,1999,Role-Playing,2.28,1.72,3.63,0.23,PS,SquareSoft,NULL,NULL,NULL
"Pokémon Platinum Version",89,2008,Role-Playing,2.82,1.78,2.69,0.55,DS,Nintendo,NULL,NULL,NULL
Pac-Man,90,1982,Puzzle,7.28,0.45,0,0.08,2600,Atari,NULL,NULL,NULL
"Grand Theft Auto: Liberty City Stories",91,2005,Action,2.9,2.83,0.24,1.75,PSP,"Take-Two Interactive",NULL,NULL,NULL
"Super Mario Galaxy 2",92,2010,Platform,3.66,2.42,0.98,0.64,Wii,Nintendo,NULL,NULL,NULL
"Star Wars Battlefront (2015)",93,2015,Shooter,2.93,3.29,0.22,1.23,PS4,"Electronic Arts",NULL,NULL,NULL
"Call of Duty: Advanced Warfare",94,2014,Shooter,2.8,3.3,0.14,1.37,PS4,Activision,NULL,NULL,NULL
"The Legend of Zelda: Ocarina of Time",95,1998,Action,4.1,1.89,1.45,0.16,N64,Nintendo,NULL,NULL,NULL
"Crash Bandicoot 2: Cortex Strikes Back",96,1997,Platform,3.78,2.17,1.31,0.31,PS,"Sony Computer Entertainment",NULL,NULL,NULL
"Super Mario Bros. 2",97,1988,Platform,5.39,1.18,0.7,0.19,NES,Nintendo,NULL,NULL,NULL
"Super Smash Bros. for Wii U and 3DS",98,2014,Fighting,3.24,1.35,2.42,0.43,3DS,Nintendo,NULL,NULL,NULL
"Call of Duty: World at War",99,2008,Shooter,4.79,1.9,0,0.69,X360,Activision,NULL,NULL,NULL
"Battlefield 3",100,2011,Shooter,4.46,2.13,0.06,0.69,X360,"Electronic Arts",NULL,NULL,NULL
"The Legend of Zelda: Twilight Princess",101,2006,Action,3.83,2.19,0.6,0.7,Wii,Nintendo,NULL,NULL,NULL
"Call of Duty: Black Ops 3",102,2015,Shooter,4.52,2.09,0.01,0.67,XOne,Activision,NULL,NULL,NULL
"Just Dance",103,2009,Misc,3.51,3.03,0,0.73,Wii,Ubisoft,NULL,NULL,NULL
"Battlefield 3",104,2011,Shooter,2.85,2.93,0.35,1.1,PS3,"Electronic Arts",NULL,NULL,NULL
"Need for Speed Underground",105,2003,Racing,3.27,2.83,0.08,1.02,PS2,"Electronic Arts",NULL,NULL,NULL
"Tekken 3",106,1998,Fighting,3.27,2.22,1.4,0.29,PS,"Sony Computer Entertainment",NULL,NULL,NULL
"Crash Bandicoot 3: Warped",107,1998,Platform,3.68,1.75,1.42,0.28,PS,"Sony Computer Entertainment",NULL,NULL,NULL
"Super Smash Bros. Melee",108,2001,Fighting,4.41,1.04,1.39,0.22,GC,Nintendo,NULL,NULL,NULL
"Mario Kart 8",109,2014,Racing,3.13,2.07,1.27,0.49,WiiU,Nintendo,NULL,NULL,NULL
"Fallout 4",110,2015,Role-Playing,2.47,3.15,0.24,1.1,PS4,"Bethesda Softworks",NULL,NULL,NULL
"Mario Kart: Double Dash!!",111,2003,Racing,4.12,1.77,0.87,0.19,GC,Nintendo,NULL,NULL,NULL
"Just Dance 4",112,2012,Misc,4.14,2.21,0,0.56,Wii,Ubisoft,NULL,NULL,NULL
"FIFA 14",113,2013,Sports,0.78,4.32,0.07,1.73,PS3,"Electronic Arts",NULL,NULL,NULL
"Need for Speed Underground 2",114,2004,Racing,2.71,3.02,0.08,1.09,PS2,"Electronic Arts",NULL,NULL,NULL
"Medal of Honor: Frontline",115,2002,Shooter,2.93,2.75,0.17,0.99,PS2,"Electronic Arts",NULL,NULL,NULL
"Uncharted 3: Drake's Deception",116,2011,Action,2.77,2.8,0.19,1.06,PS3,"Sony Computer Entertainment",NULL,NULL,NULL
"Crash Bandicoot",117,1996,Platform,3.23,2.35,0.94,0.3,PS,"Sony Computer Entertainment",NULL,NULL,NULL
"Zumba Fitness",118,2010,Sports,3.5,2.64,0,0.67,Wii,"505 Games",NULL,NULL,NULL
"Gears of War 2",119,2008,Shooter,4.15,1.92,0.06,0.64,X360,"Microsoft Game Studios",NULL,NULL,NULL
"Uncharted 2: Among Thieves",120,2009,Action,3.27,2.25,0.21,1,PS3,"Sony Computer Entertainment",NULL,NULL,NULL
"Call of Duty 4: Modern Warfare",121,2007,Shooter,3.1,2.3,0.28,1.04,PS3,Activision,NULL,NULL,NULL
"FIFA 12",122,2011,Sports,0.84,4.32,0.11,1.42,PS3,"Electronic Arts",NULL,NULL,NULL
"Big Brain Academy",123,2005,Misc,1.67,2.78,1.6,0.62,DS,Nintendo,NULL,NULL,NULL
"Red Dead Redemption",124,2010,Action,2.79,2.61,0.17,1.03,PS3,"Take-Two Interactive",NULL,NULL,NULL
"FIFA 15",125,2014,Sports,0.79,4.29,0.05,1.47,PS4,"Electronic Arts",NULL,NULL,NULL
"Donkey Kong Country Returns",126,2010,Platform,3.25,1.84,1.03,0.47,Wii,Nintendo,NULL,NULL,NULL
"The Elder Scrolls V: Skyrim",127,2011,Role-Playing,2.55,2.71,0.25,1.05,PS3,"Bethesda Softworks",NULL,NULL,NULL
"The Legend of Zelda",128,1986,Action,3.74,0.93,1.69,0.14,NES,Nintendo,NULL,NULL,NULL
"Assassin's Creed III",129,2012,Action,2.64,2.56,0.16,1.14,PS3,Ubisoft,NULL,NULL,NULL
"Halo: Combat Evolved",130,2001,Shooter,4.98,1.3,0.08,0.07,XB,"Microsoft Game Studios",NULL,NULL,NULL
"Pokémon Emerald Version",131,2004,Role-Playing,2.57,1.58,2.06,0.21,GBA,Nintendo,NULL,NULL,NULL
"Kingdom Hearts",132,2002,Role-Playing,3.64,1.2,1.49,0.07,PS2,"Sony Computer Entertainment",NULL,NULL,NULL
"Pokémon Crystal Version",133,2000,Role-Playing,2.55,1.56,1.29,0.99,GB,Nintendo,NULL,NULL,NULL
"Halo 3: ODST",134,2009,Shooter,4.34,1.35,0.06,0.61,X360,"Microsoft Game Studios",NULL,NULL,NULL
"Red Dead Redemption",135,2010,Action,3.7,1.97,0.09,0.57,X360,"Take-Two Interactive",NULL,NULL,NULL
"Super Mario Sunshine",136,2002,Platform,4.01,1.26,0.87,0.17,GC,Nintendo,NULL,NULL,NULL
"Street Fighter II: The World Warrior",137,1992,Fighting,2.47,0.83,2.87,0.12,SNES,Capcom,NULL,NULL,NULL
"World of Warcraft",138,2004,Role-Playing,0.07,6.21,0,0,PC,Activision,NULL,NULL,NULL
Driver,139,1999,Action,3.11,2.8,0.02,0.33,PS,"GT Interactive",NULL,NULL,NULL
"Kinect Sports",140,2010,Sports,3.92,1.78,0.03,0.51,X360,"Microsoft Game Studios",NULL,NULL,NULL
"Gears of War 3",141,2011,Shooter,4.05,1.62,0.07,0.49,X360,"Microsoft Game Studios",NULL,NULL,NULL
"Gears of War",142,2006,Shooter,3.54,1.9,0.07,0.6,X360,"Microsoft Game Studios",NULL,NULL,NULL
"Metal Gear Solid 2: Sons of Liberty",143,2001,Action,2.45,2.01,0.87,0.72,PS2,"Konami Digital Entertainment",NULL,NULL,NULL
"Sonic the Hedgehog 2",144,1992,Platform,4.47,1.2,0.16,0.19,GEN,Sega,NULL,NULL,NULL
"Metal Gear Solid 4: Guns of the Patriots",145,2008,Action,2.63,1.74,0.83,0.83,PS3,"Konami Digital Entertainment",NULL,NULL,NULL
"Metal Gear Solid",146,1998,Action,3.18,1.83,0.78,0.24,PS,"Konami Digital Entertainment",NULL,NULL,NULL
"The Last of Us",147,2013,Action,2.41,2.28,0.28,1.01,PS3,"Sony Computer Entertainment Europe",NULL,NULL,NULL
"Final Fantasy XII",148,2006,Role-Playing,1.88,0,2.33,1.74,PS2,"Square Enix",NULL,NULL,NULL
LittleBigPlanet,149,2008,Platform,2.8,2.05,0.17,0.9,PS3,"Sony Computer Entertainment",NULL,NULL,NULL
"Dragon Quest IX: Sentinels of the Starry Skies",150,2009,Role-Playing,0.66,0.69,4.35,0.15,DS,Nintendo,NULL,NULL,NULL
"LEGO Star Wars: The Complete Saga",151,2007,Action,3.66,1.63,0,0.53,Wii,LucasArts,NULL,NULL,NULL
"Resident Evil 2",152,1998,Action,1.88,1.47,2.02,0.45,PS,"Virgin Interactive",NULL,NULL,NULL
"Tekken 2",153,1996,Fighting,2.26,1.89,1.36,0.23,PS,"Sony Computer Entertainment",NULL,NULL,NULL
"Cooking Mama",154,2006,Simulation,3.13,1.94,0.07,0.58,DS,"505 Games",NULL,NULL,NULL
Destiny,155,2014,Shooter,2.49,2.05,0.16,0.96,PS4,Activision,NULL,NULL,NULL
Tetris,156,1988,Puzzle,2.97,0.69,1.81,0.11,NES,Nintendo,NULL,NULL,NULL
"Assassin's Creed II",157,2009,Action,2.54,1.95,0.21,0.87,PS3,Ubisoft,NULL,NULL,NULL
"Super Smash Bros.",158,1999,Fighting,2.95,0.6,1.97,0.04,N64,Nintendo,NULL,NULL,NULL
"Assassin's Creed",159,2007,Adventure,3.28,1.65,0.07,0.55,X360,Ubisoft,NULL,NULL,NULL
"Batman: Arkham City",160,2011,Action,2.7,1.91,0.11,0.8,PS3,"Warner Bros. Interactive Entertainment",NULL,NULL,NULL
"Forza Motorsport 3",161,2009,Racing,2.99,1.92,0.1,0.51,X360,"Microsoft Game Studios",NULL,NULL,NULL
"Monster Hunter Freedom Unite",162,2008,Role-Playing,0.47,0.57,4.13,0.34,PSP,Capcom,NULL,NULL,NULL
"Super Mario Advance",163,2001,Platform,3.14,1.24,0.91,0.2,GBA,Nintendo,NULL,NULL,NULL
"Mario Kart: Super Circuit",164,2001,Racing,2.62,1.64,0.99,0.23,GBA,Nintendo,NULL,NULL,NULL
"Super Mario World",165,2001,Platform,3.21,1.11,0.95,0.2,GBA,Nintendo,NULL,NULL,NULL
"Pokemon Stadium",166,1999,Strategy,3.18,1.24,0.94,0.09,N64,Nintendo,NULL,NULL,NULL
"Call of Duty: World at War",167,2008,Shooter,2.72,1.87,0,0.84,PS3,Activision,NULL,NULL,NULL
"Crash Bandicoot: The Wrath of Cortex",168,2001,Platform,2.07,2.29,0.24,0.82,PS2,"Universal Interactive",NULL,NULL,NULL
Minecraft,169,2014,Misc,1.97,2.51,0,0.94,PS3,"Sony Computer Entertainment",NULL,NULL,NULL
"Final Fantasy XIII",170,2009,Role-Playing,1.74,1.24,1.87,0.52,PS3,"Square Enix",NULL,NULL,NULL
"Dr. Mario",171,1989,Puzzle,2.18,0.96,2,0.2,GB,Nintendo,NULL,NULL,NULL
"Pokemon Pinball",172,1999,Misc,3.02,1.12,1.01,0.16,GB,Nintendo,NULL,NULL,NULL
"Assassin's Creed III",173,2012,Action,3.13,1.71,0.03,0.44,X360,Ubisoft,NULL,NULL,NULL
"Final Fantasy IX",174,2000,Role-Playing,1.62,0.77,2.78,0.14,PS,SquareSoft,NULL,NULL,NULL
"Final Fantasy X-2",175,2003,Role-Playing,1.92,1.08,2.11,0.17,PS2,"Electronic Arts",NULL,NULL,NULL
"Donkey Kong 64",176,1999,Platform,3.33,0.79,1.09,0.06,N64,Nintendo,NULL,NULL,NULL
"Assassin's Creed II",177,2009,Action,3.1,1.56,0.08,0.51,X360,Ubisoft,NULL,NULL,NULL
"Professor Layton and the Curious Village",178,2007,Puzzle,1.22,2.48,1.03,0.52,DS,Nintendo,NULL,NULL,NULL
"Tomb Raider II",179,1997,Action,2.3,2.46,0.2,0.28,PS,"Eidos Interactive",NULL,NULL,NULL
"Dragon Quest VIII: Journey of the Cursed King",181,2004,Role-Playing,0.65,0.75,3.61,0.2,PS2,"Square Enix",NULL,NULL,NULL
"Diablo III",182,2012,Role-Playing,2.43,2.15,0,0.62,PC,Activision,NULL,NULL,NULL
"Super Mario Bros. 3",183,2003,Platform,2.93,1.25,0.83,0.2,GBA,Nintendo,NULL,NULL,NULL
"New Super Mario Bros. U",184,2012,Platform,2.32,1.3,1.27,0.31,WiiU,Nintendo,NULL,NULL,NULL
"Super Mario Land 3: Wario Land",185,1994,Platform,2.49,0.98,1.57,0.15,GB,Nintendo,NULL,NULL,NULL
"FIFA Soccer 13",186,2012,Action,1.08,3.48,0.03,0.58,X360,"Electronic Arts",NULL,NULL,NULL
"The Legend of Zelda: Phantom Hourglass",187,2007,Action,1.9,1.83,0.95,0.49,DS,Nintendo,NULL,NULL,NULL
"Donkey Kong Country 2: Diddy's Kong Quest",188,1995,Platform,2.1,0.74,2.2,0.11,SNES,Nintendo,NULL,NULL,NULL
"Tomodachi Life",189,2013,Simulation,0.96,2.02,1.89,0.28,3DS,Nintendo,NULL,NULL,NULL
"Mario & Sonic at the Olympic Games",190,2008,Sports,1.64,2.48,0.44,0.58,DS,Sega,NULL,NULL,NULL
"Medal of Honor: Rising Sun",191,2003,Shooter,1.98,2.23,0.13,0.8,PS2,"Electronic Arts",NULL,NULL,NULL
"Kirby's Dream Land",192,1992,Platform,2.71,0.61,1.7,0.11,GB,Nintendo,NULL,NULL,NULL
"Fable III",193,2010,Role-Playing,3.59,1.11,0.05,0.38,X360,"Microsoft Game Studios",NULL,NULL,NULL
"Call of Duty: Advanced Warfare",194,2014,Shooter,3.21,1.53,0.01,0.38,XOne,Activision,NULL,NULL,NULL
"Microsoft Flight Simulator",195,1996,Simulation,3.22,1.69,0,0.2,PC,"Microsoft Game Studios",NULL,NULL,NULL
"Guitar Hero II",196,2006,Misc,3.81,0.63,0,0.68,PS2,RedOctane,NULL,NULL,NULL
"Resident Evil 5",197,2009,Action,1.96,1.43,1.08,0.65,PS3,Capcom,NULL,NULL,NULL
"Grand Theft Auto: Vice City Stories",199,2006,Action,1.7,2.02,0.16,1.21,PSP,"Take-Two Interactive",NULL,NULL,NULL
"FIFA Soccer 11",200,2010,Sports,0.6,3.29,0.06,1.13,PS3,"Electronic Arts",NULL,NULL,NULL
"Super Mario Bros.",201,1999,Platform,3.4,1.3,0.15,0.22,GB,Nintendo,NULL,NULL,NULL
"Resident Evil",202,1996,Action,2.05,1.16,1.11,0.73,PS,"Virgin Interactive",NULL,NULL,NULL
"Tony Hawk's Pro Skater",203,1999,Sports,3.42,1.38,0.02,0.2,PS,Activision,NULL,NULL,NULL
"Super Smash Bros. for Wii U and 3DS",204,2014,Fighting,2.59,1.06,0.8,0.57,WiiU,Nintendo,NULL,NULL,NULL
,205,1999,Strategy,2.79,1.89,0,0.33,PS,"Eidos Interactive",NULL,NULL,NULL
"Spyro the Dragon",206,1998,Platform,3.36,1.36,0.07,0.21,PS,"Sony Computer Entertainment",NULL,NULL,NULL
"Link's Crossbow Training",207,2007,Shooter,3.06,1.18,0.29,0.46,Wii,Nintendo,NULL,NULL,NULL
"Guitar Hero III: Legends of Rock",208,2007,Misc,3.49,0.01,0.01,1.48,PS2,Activision,NULL,NULL,NULL
"Fallout 3",209,2008,Role-Playing,3.39,1.03,0.09,0.44,X360,"Bethesda Softworks",NULL,NULL,NULL
"Pokemon Mystery Dungeon: Explorers of Time/Explorers of Darkness",210,2007,Role-Playing,1.85,1.2,1.54,0.37,DS,Nintendo,NULL,NULL,NULL
"Uncharted: Drake's Fortune",211,2007,Action,2.31,1.73,0.12,0.78,PS3,"Sony Computer Entertainment",NULL,NULL,NULL
"Madden NFL 06",212,2005,Sports,3.98,0.26,0.01,0.66,PS2,"Electronic Arts",NULL,NULL,NULL
"LEGO Star Wars: The Complete Saga",213,2007,Action,2.89,1.54,0,0.46,DS,LucasArts,NULL,NULL,NULL
"Diddy Kong Racing",214,1997,Racing,2.91,0.99,0.89,0.1,N64,Nintendo,NULL,NULL,NULL
"Monster Hunter Freedom 3",215,2010,Role-Playing,0,0,4.87,0,PSP,Capcom,NULL,NULL,NULL
"Dr. Mario",216,1990,Puzzle,2.62,0.6,1.52,0.1,NES,Nintendo,NULL,NULL,NULL
"God of War III",217,2010,Action,2.74,1.36,0.12,0.63,PS3,"Sony Computer Entertainment",NULL,NULL,NULL
"StarCraft II: Wings of Liberty",218,2010,Strategy,2.56,1.68,0,0.59,PC,Activision,NULL,NULL,NULL
"Assassin's Creed",219,2007,Adventure,1.91,2,0.09,0.83,PS3,Ubisoft,NULL,NULL,NULL
"FIFA 15",220,2014,Sports,0.57,3.14,0.04,1.07,PS3,"Electronic Arts",NULL,NULL,NULL
"Crash Team Racing",221,1999,Racing,2.57,1.57,0.44,0.21,PS,"Sony Computer Entertainment",NULL,NULL,NULL
"Batman: Arkham City",223,2011,Action,2.99,1.31,0.04,0.41,X360,"Warner Bros. Interactive Entertainment",NULL,NULL,NULL
"Driver 2",224,2000,Action,2.36,2.1,0.02,0.25,PS,Atari,NULL,NULL,NULL
"The Simpsons: Hit & Run",225,2003,Racing,1.73,2.19,0,0.79,PS2,"Vivendi Games",NULL,NULL,NULL
"Tony Hawk's Pro Skater 2",226,2000,Sports,3.05,1.41,0.02,0.2,PS,Activision,NULL,NULL,NULL
"Animal Crossing: City Folk",227,2008,Simulation,1.87,1.12,1.32,0.37,Wii,Nintendo,NULL,NULL,NULL
"The Lord of the Rings: The Two Towers",228,2002,Action,1.94,1.95,0.08,0.7,PS2,"Electronic Arts",NULL,NULL,NULL
"Forza Motorsport 4",229,2011,Racing,2.08,2.04,0.06,0.47,X360,"Microsoft Game Studios",NULL,NULL,NULL
"Tomb Raider",230,1996,Action,2.29,1.97,0.13,0.24,PS,"Eidos Interactive",NULL,NULL,NULL
"Guitar Hero III: Legends of Rock",231,2007,Misc,3.06,1.12,0,0.44,Wii,Activision,NULL,NULL,NULL
"The Legend of Zelda: A Link to the Past",232,1991,Action,2.42,0.91,1.15,0.13,SNES,Nintendo,NULL,NULL,NULL
"The Legend of Zelda: The Wind Waker",233,2002,Action,2.6,0.99,0.89,0.13,GC,Nintendo,NULL,NULL,NULL
"Mario & Sonic at the Olympic Winter Games",234,2009,Sports,1.89,1.99,0.22,0.48,Wii,Sega,NULL,NULL,NULL
"Luigi's Mansion: Dark Moon",235,2013,Action,1.78,1.39,1.1,0.3,3DS,Nintendo,NULL,NULL,NULL
Splatoon,236,2015,Shooter,1.55,1.15,1.44,0.43,WiiU,Nintendo,NULL,NULL,NULL
"The Last of Us",237,2014,Action,1.78,1.87,0.07,0.82,PS4,"Sony Computer Entertainment",NULL,NULL,NULL
"Guitar Hero III: Legends of Rock",238,2007,Misc,3.19,0.92,0.01,0.42,X360,Activision,NULL,NULL,NULL
"Madden NFL 2005",239,2004,Sports,4.18,0.26,0.01,0.08,PS2,"Electronic Arts",NULL,NULL,NULL
Pitfall!,240,1981,Platform,4.21,0.24,0,0.05,2600,Activision,NULL,NULL,NULL
"Madden NFL 07",241,2006,Sports,3.63,0.24,0.01,0.61,PS2,"Electronic Arts",NULL,NULL,NULL
"Spider-Man: The Movie",242,2002,Action,2.71,1.51,0.03,0.23,PS2,Activision,NULL,NULL,NULL
"Dragon Quest VII: Warriors of Eden",243,2000,Role-Playing,0.2,0.14,4.1,0.02,PS,"Enix Corporation",NULL,NULL,NULL
"Uncharted: The Nathan Drake Collection",244,2015,Action,1.96,1.69,0.08,0.74,PS4,"Sony Computer Entertainment",NULL,NULL,NULL
"Call of Duty: Advanced Warfare",245,2014,Shooter,1.54,1.94,0.19,0.77,PS3,Activision,NULL,NULL,NULL
"God of War",246,2005,Action,2.71,1.29,0.02,0.43,PS2,"Sony Computer Entertainment",NULL,NULL,NULL
"Nintendo Land",247,2012,Misc,2.55,1.11,0.46,0.33,WiiU,Nintendo,NULL,NULL,NULL
"Michael Jackson: The Experience",248,2010,Misc,2.67,1.35,0.01,0.39,Wii,Ubisoft,NULL,NULL,NULL
"Tony Hawk's Pro Skater 3",249,2001,Sports,2.66,1.29,0.01,0.46,PS2,Activision,NULL,NULL,NULL
"Winning Eleven: Pro Evolution Soccer 2007",250,2006,Sports,0.1,2.39,1.05,0.86,PS2,"Konami Digital Entertainment",NULL,NULL,NULL
"The Elder Scrolls IV: Oblivion",251,2006,Role-Playing,2.82,1.05,0.13,0.4,X360,"Take-Two Interactive",NULL,NULL,NULL
"Zelda II: The Adventure of Link",252,1987,Adventure,2.19,0.5,1.61,0.08,NES,Nintendo,NULL,NULL,NULL
"Need for Speed: Most Wanted",253,2005,Racing,2.03,1.79,0.08,0.47,PS2,"Electronic Arts",NULL,NULL,NULL
"Resistance: Fall of Man",254,2006,Shooter,1.73,1.73,0.14,0.75,PS3,"Sony Computer Entertainment",NULL,NULL,NULL
"Sonic the Hedgehog",255,1991,Platform,3.03,0.91,0.26,0.13,GEN,Sega,NULL,NULL,NULL
"Kingdom Hearts II",256,2005,Role-Playing,2.2,0.58,1.38,0.17,PS2,"Square Enix",NULL,NULL,NULL
"FIFA 14",257,2013,Sports,0.92,2.93,0.01,0.46,X360,"Electronic Arts",NULL,NULL,NULL
"Call of Duty: Advanced Warfare",258,2014,Shooter,2.75,1.18,0,0.37,X360,Activision,NULL,NULL,NULL
Asteroids,259,1980,Shooter,4,0.26,0,0.05,2600,Atari,NULL,NULL,NULL
"Fable II",260,2008,Role-Playing,2.51,1.27,0.11,0.41,X360,"Microsoft Game Studios",NULL,NULL,NULL
"Halo 5: Guardians",261,2015,Shooter,2.64,1.2,0.03,0.39,XOne,"Microsoft Game Studios",NULL,NULL,NULL
"Super Mario 3D World",262,2013,Platform,2.11,1.11,0.72,0.3,WiiU,Nintendo,NULL,NULL,NULL
"Batman: Arkham Asylum",263,2009,Action,2.23,1.34,0.07,0.61,PS3,"Eidos Interactive",NULL,NULL,NULL
"Assassin's Creed: Revelations",264,2011,Action,1.41,2.02,0.1,0.72,PS3,Ubisoft,NULL,NULL,NULL
"Namco Museum",265,2001,Misc,3,1.11,0.05,0.07,GBA,"Namco Bandai Games",NULL,NULL,NULL
"Metal Gear Solid 3: Snake Eater",266,2004,Action,1.46,0,0.83,1.93,PS2,"Konami Digital Entertainment",NULL,NULL,NULL
Daxter,267,2006,Platform,2.45,1.02,0,0.75,PSP,"Sony Computer Entertainment",NULL,NULL,NULL
"Warcraft II: Tides of Darkness",268,1995,Strategy,1.7,2.27,0,0.23,PC,Activision,NULL,NULL,NULL
"The Legend of Zelda: Ocarina of Time",269,2011,Action,2.03,1.27,0.62,0.3,3DS,Nintendo,NULL,NULL,NULL
"FIFA Soccer 06",270,2005,Sports,0.78,2.55,0.04,0.84,PS2,"Electronic Arts",NULL,NULL,NULL
"EyeToy Play",271,2003,Misc,0.88,2.3,0.2,0.83,PS2,"Sony Computer Entertainment",NULL,NULL,NULL
"Gran Turismo 5 Prologue",273,2007,Racing,1.28,1.83,0.57,0.53,PS3,"Sony Computer Entertainment",NULL,NULL,NULL
"Assassin's Creed: Revelations",274,2011,Action,2.25,1.47,0.04,0.43,X360,Ubisoft,NULL,NULL,NULL
"Street Fighter IV",275,2009,Fighting,2.02,1.06,0.58,0.53,PS3,Capcom,NULL,NULL,NULL
"FIFA 12",276,2011,Sports,0.84,2.79,0.02,0.53,X360,"Electronic Arts",NULL,NULL,NULL
"Teenage Mutant Ninja Turtles",277,1989,Action,3.38,0.44,0.31,0.04,NES,Palcom,NULL,NULL,NULL
Excitebike,278,1984,Racing,2.04,0.48,1.57,0.07,NES,Nintendo,NULL,NULL,NULL
Frogger,279,1997,Action,3.79,0.27,0,0.11,PS,"Hasbro Interactive",NULL,NULL,NULL
"Madden NFL 2003",280,2002,Sports,3.36,0.21,0.01,0.56,PS2,"Electronic Arts",NULL,NULL,NULL
"Watch Dogs",281,2014,Action,1.4,1.86,0.11,0.77,PS4,Ubisoft,NULL,NULL,NULL
Half-Life,282,1997,Shooter,4.03,0,0.09,0,PC,"Vivendi Games",NULL,NULL,NULL
"Super Mario World 2: Yoshi's Island",283,1995,Platform,1.65,0.61,1.76,0.09,SNES,Nintendo,NULL,NULL,NULL
"FIFA Soccer 07",284,2006,Sports,0.71,2.48,0.03,0.89,PS2,"Electronic Arts",NULL,NULL,NULL
"The Legend of Zelda: Skyward Sword",285,2011,Action,2.14,1.2,0.37,0.4,Wii,Nintendo,NULL,NULL,NULL
"Street Fighter II Turbo",286,1992,Fighting,1.42,0.51,2.1,0.07,SNES,Capcom,NULL,NULL,NULL
"Carnival Games",287,2007,Misc,2.13,1.5,0.05,0.42,Wii,"Take-Two Interactive",NULL,NULL,NULL
"Fallout 4",288,2015,Role-Playing,2.45,1.26,0.01,0.37,XOne,"Bethesda Softworks",NULL,NULL,NULL
"World of Warcraft: The Burning Crusade",289,2007,Role-Playing,2.57,1.52,0,0,PC,Activision,NULL,NULL,NULL
"Fallout: New Vegas",290,2010,Role-Playing,2.65,1.06,0.04,0.33,X360,"Bethesda Softworks",NULL,NULL,NULL
"God of War II",291,2007,Action,2.32,0.04,0.04,1.67,PS2,"Sony Computer Entertainment",NULL,NULL,NULL
"Forza Motorsport 2",292,2007,Racing,2.35,1.28,0.03,0.41,X360,"Microsoft Game Studios",NULL,NULL,NULL
"World Soccer Winning Eleven 9",293,2005,Sports,0.12,2.26,0.9,0.77,PS2,"Konami Digital Entertainment",NULL,NULL,NULL
"Namco Museum Vol.3",294,1996,Misc,2.28,1.55,0.16,0.06,PS,"Sony Computer Entertainment",NULL,NULL,NULL
"Tekken Tag Tournament",295,2000,Fighting,1.68,1.51,0.51,0.35,PS2,"Namco Bandai Games",NULL,NULL,NULL
"Far Cry 4",296,2014,Shooter,1.12,2.12,0.1,0.69,PS4,Ubisoft,NULL,NULL,NULL
"Star Fox 64",297,1997,Shooter,2.78,0.58,0.64,0.04,N64,Nintendo,NULL,NULL,NULL
Minecraft,298,2014,Misc,1.38,1.87,0.12,0.65,PS4,"Sony Computer Entertainment Europe",NULL,NULL,NULL
Golf,299,1984,Sports,1.22,0.28,2.46,0.04,NES,Nintendo,NULL,NULL,NULL
"Fallout 3",300,2008,Role-Playing,2.15,1.2,0.07,0.59,PS3,"Bethesda Softworks",NULL,NULL,NULL
"Professor Layton and the Diabolical Box",301,2007,Puzzle,0.92,1.78,0.92,0.37,DS,Nintendo,NULL,NULL,NULL
"Left 4 Dead 2",302,2009,Shooter,2.67,0.89,0.05,0.37,X360,"Electronic Arts",NULL,NULL,NULL
"Namco Museum: 50th Anniversary",303,2005,Misc,2.08,1.35,0,0.54,PS2,"Namco Bandai Games",NULL,NULL,NULL
"EA Sports Active",304,2009,Sports,2.1,1.36,0.06,0.4,Wii,"Electronic Arts",NULL,NULL,NULL
"Assassin's Creed: Unity",305,2014,Action,1.18,1.96,0.08,0.7,PS4,Ubisoft,NULL,NULL,NULL
"Donkey Kong Land",306,1994,Platform,1.97,0.76,1.07,0.11,GB,Nintendo,NULL,NULL,NULL
"Tony Hawk's Underground",307,2003,Sports,2.29,1.17,0.01,0.42,PS2,Activision,NULL,NULL,NULL
"Assassin's Creed IV: Black Flag",308,2013,Action,1.33,1.71,0.13,0.73,PS3,Ubisoft,NULL,NULL,NULL
"Monster Hunter 4 Ultimate",309,2014,Role-Playing,0.67,0.49,2.62,0.11,3DS,Nintendo,NULL,NULL,NULL
MotorStorm,310,2006,Racing,1.53,1.61,0.06,0.67,PS3,"Sony Computer Entertainment",NULL,NULL,NULL
"The Elder Scrolls V: Skyrim",311,2011,Role-Playing,1.15,2.09,0,0.64,PC,"Bethesda Softworks",NULL,NULL,NULL
"Tekken 5",312,2005,Fighting,0.93,1.94,0.31,0.7,PS2,"Namco Bandai Games",NULL,NULL,NULL
"Dragon Warrior III",313,1988,Role-Playing,0.1,0,3.77,0,NES,"Enix Corporation",NULL,NULL,NULL
"Sports Champions",314,2010,Sports,2.12,1.14,0.1,0.51,PS3,"Sony Computer Entertainment",NULL,NULL,NULL
"NBA 2K16",315,2015,Sports,2.48,0.65,0.03,0.69,PS4,"Take-Two Interactive",NULL,NULL,NULL
"World Soccer Winning Eleven 8 International",316,2004,Sports,0.16,1.89,1.12,0.68,PS2,"Konami Digital Entertainment",NULL,NULL,NULL
"Flash Focus: Vision Training in Minutes a Day",317,2007,Misc,0.87,1.57,1.05,0.35,DS,Nintendo,NULL,NULL,NULL
"Namco Museum Vol.1",318,1995,Misc,2.12,1.44,0.22,0.06,PS,"Sony Computer Entertainment",NULL,NULL,NULL
"The Legend of Zelda: Link's Awakening",319,1992,Action,2.21,0.96,0.54,0.13,GB,Nintendo,NULL,NULL,NULL
"Mario & Luigi: Bowser's Inside Story",320,2009,Role-Playing,2.26,0.48,0.81,0.27,DS,Nintendo,NULL,NULL,NULL
"Big Brain Academy: Wii Degree",321,2007,Misc,1.06,1.93,0.41,0.43,Wii,Nintendo,NULL,NULL,NULL
"Nintendogs + cats",322,2011,Simulation,1.44,1.37,0.73,0.27,3DS,Nintendo,NULL,NULL,NULL
"Batman: Arkham Knight",323,2015,Action,1.49,1.58,0.1,0.61,PS4,"Warner Bros. Interactive Entertainment",NULL,NULL,NULL
"Mario & Sonic at the London 2012 Olympic Games",324,2011,Sports,1.14,1.91,0.27,0.46,Wii,Sega,NULL,NULL,NULL
"LEGO Indiana Jones: The Original Adventures",325,2008,Action,2.4,1.03,0,0.36,,Activision,NULL,NULL,NULL
"Resident Evil Director's Cut",326,1996,Action,1.82,1.24,0.47,0.25,PS,"Virgin Interactive",NULL,NULL,NULL
"Ratchet & Clank: Size Matters",327,2007,Platform,1.4,1.4,0.1,0.87,PSP,"Sony Computer Entertainment",NULL,NULL,NULL
"Just Dance 2014",328,2013,Misc,1.98,1.47,0,0.32,Wii,Ubisoft,NULL,NULL,NULL
"The Sims: Unleashed",329,2002,Simulation,2.03,1.56,0,0.17,PC,"Electronic Arts",NULL,NULL,NULL
"Super Paper Mario",330,2007,Platform,1.98,0.88,0.59,0.32,Wii,Nintendo,NULL,NULL,NULL
"Harry Potter and the Sorcerer's Stone",331,2001,Action,1.37,2,0.14,0.22,PS,"Electronic Arts",NULL,NULL,NULL
"The Witcher 3: Wild Hunt",332,2015,Role-Playing,0.96,2,0.21,0.56,PS4,"Namco Bandai Games",NULL,NULL,NULL
"Resident Evil 3: Nemesis",333,1999,Action,1.3,0.77,1.54,0.11,PS,"Eidos Interactive",NULL,NULL,NULL
"Spyro: Year of the Dragon",334,2000,Platform,1.93,1.58,0,0.19,PS,"Sony Computer Entertainment",NULL,NULL,NULL
"FIFA Soccer 2005",335,2004,Sports,0.58,2.48,0.04,0.59,PS2,"Electronic Arts",NULL,NULL,NULL
"Pokémon Trading Card Game",336,1998,Strategy,1.49,0.73,1.38,0.1,GB,Nintendo,NULL,NULL,NULL
"Battlefield 4",337,2013,Shooter,1.3,1.51,0.27,0.61,PS3,"Electronic Arts",NULL,NULL,NULL
MySims,338,2007,Simulation,1.59,1.61,0.08,0.41,DS,"Electronic Arts",NULL,NULL,NULL
"Friend Collection",339,2009,Misc,0,0,3.67,0,DS,Nintendo,NULL,NULL,NULL
"Tony Hawk's Pro Skater 4",340,2002,Sports,2.13,1.18,0.01,0.35,PS2,Activision,NULL,NULL,NULL
"Midnight Club 3: DUB Edition",341,2005,Racing,1.65,1.22,0,0.79,PSP,"Take-Two Interactive",NULL,NULL,NULL
Banjo-Kazooie,342,1998,Platform,1.87,1.13,0.55,0.1,N64,Nintendo,NULL,NULL,NULL
"SOCOM: U.S. Navy SEALs",343,2002,Shooter,2.53,0.81,0.06,0.24,PS2,"Sony Computer Entertainment",NULL,NULL,NULL
"Guitar Hero: World Tour",344,2008,Misc,2.33,0.97,0,0.35,Wii,Activision,NULL,NULL,NULL
"Gran Turismo 6",345,2013,Racing,0.71,1.8,0.4,0.74,PS3,"Sony Computer Entertainment",NULL,NULL,NULL
"Jak and Daxter: The Precursor Legacy",346,2001,Platform,2.08,1.09,0.15,0.33,PS2,"Sony Computer Entertainment",NULL,NULL,NULL
"Pokemon Snap",347,1999,Simulation,2.23,0.68,0.66,0.06,N64,Nintendo,NULL,NULL,NULL
"FIFA Soccer 10",348,2009,Sports,0.6,2.46,0.05,0.52,PS3,"Electronic Arts",NULL,NULL,NULL
"Pro Evolution Soccer 2008",349,2007,Sports,0.05,0,0.64,2.93,PS2,"Konami Digital Entertainment",NULL,NULL,NULL
"Call of Duty: Ghosts",350,2013,Shooter,1.78,1.42,0.05,0.38,PS4,Activision,NULL,NULL,NULL
"Resident Evil 4",351,2005,Action,2.08,0.83,0.46,0.25,PS2,Capcom,NULL,NULL,NULL
"Star Wars: Battlefront",353,2004,Shooter,1.93,1.22,0.03,0.44,PS2,LucasArts,NULL,NULL,NULL
"Doom II: Hell on Earth",354,1994,Shooter,2.05,1.4,0,0.16,PC,"Virgin Interactive",NULL,NULL,NULL
"The Simpsons: Road Rage",355,2001,Racing,2.02,1.17,0,0.42,PS2,"Electronic Arts",NULL,NULL,NULL
"Cooking Mama 2: Dinner With Friends",356,2007,Simulation,1.61,1.5,0.1,0.39,DS,"505 Games",NULL,NULL,NULL
"Luigi's Mansion",357,2001,Action,2.38,0.67,0.46,0.1,GC,Nintendo,NULL,NULL,NULL
"Star Wars: Battlefront II",358,2005,Shooter,2.18,1.02,0.03,0.37,PS2,LucasArts,NULL,NULL,NULL
"WWF SmackDown!",359,2000,Fighting,2.01,1.35,0.06,0.16,PS,THQ,NULL,NULL,NULL
"Croc: Legend of the Gobbos",360,1997,Platform,1.57,1.79,0,0.2,PS,"Fox Interactive",NULL,NULL,NULL
"Grand Theft Auto: Liberty City Stories",361,2006,Action,1.56,1.4,0.07,0.5,PS2,"Take-Two Interactive",NULL,NULL,NULL
"The Getaway",362,2002,Action,1.23,1.77,0.05,0.49,PS2,"Sony Computer Entertainment",NULL,NULL,NULL
"Tomb Raider III: Adventures of Lara Croft",363,1997,Action,1.66,1.58,0.12,0.18,PS,"Eidos Interactive",NULL,NULL,NULL
"James Bond 007: Agent Under Fire",364,2001,Shooter,1.9,1.13,0.1,0.41,PS2,"Electronic Arts",NULL,NULL,NULL
"LEGO Star Wars: The Video Game",365,2005,Action,1.98,1.14,0.01,0.41,PS2,"Eidos Interactive",NULL,NULL,NULL
"Battlefield 4",366,2013,Shooter,2.14,1.08,0.02,0.29,X360,"Electronic Arts",NULL,NULL,NULL
"FIFA Soccer 11",367,2010,Sports,0.71,2.4,0.02,0.4,X360,"Electronic Arts",NULL,NULL,NULL
"Rugrats in Paris: The Movie",368,2000,Action,1.96,1.33,0,0.23,PS,THQ,NULL,NULL,NULL
"Spyro 2: Ripto's Rage!",369,1999,Platform,2.14,1.21,0.01,0.17,PS,"Sony Computer Entertainment",NULL,NULL,NULL
"Left 4 Dead",370,2008,Shooter,2.66,0.5,0.05,0.3,X360,"Electronic Arts",NULL,NULL,NULL
"Mario & Sonic at the Olympic Winter Games",371,2009,Sports,1.22,1.66,0.27,0.38,DS,Sega,NULL,NULL,NULL
"Resident Evil 5",372,2009,Action,2.11,0.94,0.12,0.34,X360,Capcom,NULL,NULL,NULL
"Donkey Kong Country 3: Dixie Kong's Double Trouble!",373,1996,Platform,1.17,0.5,1.75,0.08,SNES,Nintendo,NULL,NULL,NULL
"Assassin's Creed: Brotherhood",374,2010,Action,2.84,0.39,0.03,0.24,X360,Ubisoft,NULL,NULL,NULL
"Kung Fu",375,1985,Action,1.64,0.38,1.42,0.06,NES,Nintendo,NULL,NULL,NULL
"Batman: Arkham Asylum",376,2009,Action,2.2,0.97,0.02,0.31,X360,"Eidos Interactive",NULL,NULL,NULL
"Clubhouse Games",377,2006,Misc,0.59,1.83,0.73,0.35,DS,Nintendo,NULL,NULL,NULL
"Star Wars Battlefront (2015)",379,2015,Shooter,1.94,1.22,0.02,0.31,XOne,"Electronic Arts",NULL,NULL,NULL
"Battlefield: Bad Company 2",380,2010,Shooter,2.09,1.02,0.04,0.32,X360,"Electronic Arts",NULL,NULL,NULL
"Guitar Hero: On Tour",381,2008,Misc,2.11,1.01,0.01,0.35,DS,Activision,NULL,NULL,NULL
"Assassin's Creed: Unity",382,2014,Action,2.26,0.89,0,0.3,XOne,Ubisoft,NULL,NULL,NULL
"Far Cry 3",383,2012,Shooter,0.88,1.75,0.1,0.72,PS3,Ubisoft,NULL,NULL,NULL
"Monster Hunter 4",384,2013,Role-Playing,0,0,3.44,0,3DS,Capcom,NULL,NULL,NULL
Borderlands,385,2009,Shooter,2.39,0.73,0.03,0.29,X360,"Take-Two Interactive",NULL,NULL,NULL
"Tekken 4",386,2002,Fighting,1.55,1.27,0.33,0.29,PS2,"Namco Bandai Games",NULL,NULL,NULL
"Battlefield 4",387,2013,Shooter,1.34,1.54,0.17,0.38,PS4,"Electronic Arts",NULL,NULL,NULL
"LittleBigPlanet 2",388,2011,Platform,1.82,1.07,0.06,0.47,PS3,"Sony Computer Entertainment",NULL,NULL,NULL
"Grand Theft Auto 2",389,1998,Action,1.13,2.07,0,0.22,PS,"Take-Two Interactive",NULL,NULL,NULL
"Final Fantasy III",390,1994,Role-Playing,0.86,0,2.55,0.02,SNES,SquareSoft,NULL,NULL,NULL
"Spider-Man 2",391,2004,Action,1.75,1.2,0.02,0.43,PS2,Activision,NULL,NULL,NULL
"F-1 Race",392,1990,Racing,1.73,0.69,0.59,0.4,GB,Nintendo,NULL,NULL,NULL
"FIFA Soccer 2003",393,2002,Sports,0.46,2.28,0.05,0.61,PS2,"Electronic Arts",NULL,NULL,NULL
"Crash Bash",394,2000,Misc,1.56,1.47,0.19,0.17,PS,"Sony Computer Entertainment",NULL,NULL,NULL
"LEGO Batman: The Videogame",395,2008,Action,2.03,1.03,0,0.32,X360,"Warner Bros. Interactive Entertainment",NULL,NULL,NULL
"Metal Gear Solid V: The Phantom Pain",396,2015,Action,1.08,1.35,0.48,0.47,PS4,"Konami Digital Entertainment",NULL,NULL,NULL
"The Legend of Zelda: Spirit Tracks",397,2009,Action,1.43,0.94,0.74,0.27,DS,Nintendo,NULL,NULL,NULL
"WWF War Zone",398,1998,Fighting,2.47,0.76,0,0.13,PS,"Acclaim Entertainment",NULL,NULL,NULL
"The Legend of Zelda: Majora's Mask",399,2000,Action,1.9,0.67,0.73,0.06,N64,Nintendo,NULL,NULL,NULL
"Professor Layton and the Unwound Future",400,2008,Puzzle,0.65,1.61,0.82,0.28,DS,Nintendo,NULL,NULL,NULL
"Rugrats: Search For Reptar",401,1998,Adventure,1.63,1.53,0,0.18,PS,THQ,NULL,NULL,NULL
"Assassin's Creed IV: Black Flag",402,2013,Action,1.9,1.14,0.01,0.29,X360,Ubisoft,NULL,NULL,NULL
"English Training: Have Fun Improving Your Skills!",403,2006,Misc,0,0.99,2.32,0.02,DS,Nintendo,NULL,NULL,NULL
"James Bond 007: Nightfire",404,2002,Shooter,1.45,1.29,0.12,0.46,PS2,"Electronic Arts",NULL,NULL,NULL
"Ratchet & Clank",405,2002,Platform,1.44,1.01,0.57,0.3,PS2,"Sony Computer Entertainment",NULL,NULL,NULL
"Mario Party 9",406,2012,Misc,1.15,1.17,0.76,0.24,Wii,Nintendo,NULL,NULL,NULL
"Star Wars Episode III: Revenge of the Sith",407,2005,Action,1.47,1.39,0.03,0.43,PS2,LucasArts,NULL,NULL,NULL
"Max Payne",408,2001,Shooter,1.99,1.05,0.05,0.22,PS2,"Take-Two Interactive",NULL,NULL,NULL
"The Lord of the Rings: The Return of the King",409,2003,Action,1.5,1.28,0.05,0.46,PS2,"Electronic Arts",NULL,NULL,NULL
"Assassin's Creed Syndicate",410,2015,Action,0.8,1.92,0.06,0.5,PS4,Ubisoft,NULL,NULL,NULL
Destiny,411,2014,Shooter,2.13,0.92,0,0.23,XOne,Activision,NULL,NULL,NULL
"True Crime: Streets of LA",412,2003,Action,1.89,1.05,0.02,0.31,PS2,Activision,NULL,NULL,NULL
"Wii Music",413,2008,Misc,1.36,1.13,0.46,0.32,Wii,Nintendo,NULL,NULL,NULL
"Gran Turismo (PSP)",414,2009,Racing,0.5,1.59,0.31,0.87,PSP,"Sony Computer Entertainment",NULL,NULL,NULL
"Monster Hunter X",415,2015,Action,0.25,0.19,2.78,0.04,3DS,Capcom,NULL,NULL,NULL
Tekken,416,1995,Fighting,0.95,1.3,0.77,0.22,PS,"Sony Computer Entertainment",NULL,NULL,NULL
"FIFA 16",417,2015,Sports,0.88,2.11,0,0.23,XOne,"Electronic Arts",NULL,NULL,NULL
"L.A. Noire",418,2011,Adventure,1.27,1.33,0.12,0.51,PS3,"Take-Two Interactive",NULL,NULL,NULL
"Madden NFL 16",419,2015,Sports,2.33,0.3,0,0.59,PS4,"Electronic Arts",NULL,NULL,NULL
"Yokai Watch 2 Ganso/Honke",420,2014,Role-Playing,0.03,0,3.18,0,3DS,Nintendo,NULL,NULL,NULL
"007: Tomorrow Never Dies",421,1999,Shooter,1.72,1.33,0,0.16,PS,"Electronic Arts",NULL,NULL,NULL
Baseball,422,1983,Sports,0.73,0.1,2.35,0.02,NES,Nintendo,NULL,NULL,NULL
"Killer Instinct",423,1995,Fighting,2.26,0.72,0.12,0.1,SNES,Nintendo,NULL,NULL,NULL
"WWF SmackDown! 2: Know Your Role",424,2000,Fighting,1.76,1.21,0.07,0.16,PS,THQ,NULL,NULL,NULL
"Crisis Core: Final Fantasy VII",425,2007,Role-Playing,1.35,0.6,0.8,0.44,PSP,"Square Enix",NULL,NULL,NULL
"God of War: Chains of Olympus",426,2008,Action,1.48,1.01,0.04,0.66,PSP,"Sony Computer Entertainment",NULL,NULL,NULL
"Dragon Quest VI: Maboroshi no Daichi",427,1995,Role-Playing,0,0,3.19,0,SNES,"Enix Corporation",NULL,NULL,NULL
"Dance Central",428,2010,Misc,2.15,0.77,0.01,0.26,X360,"MTV Games",NULL,NULL,NULL
"Enter the Matrix",429,2003,Action,1.78,1.12,0.09,0.19,PS2,Atari,NULL,NULL,NULL
"Super Mario Maker",430,2015,Platform,1.18,0.87,0.93,0.2,WiiU,Nintendo,NULL,NULL,NULL
"Fallout: New Vegas",431,2010,Role-Playing,1.52,1.08,0.1,0.47,PS3,"Bethesda Softworks",NULL,NULL,NULL
"Rhythm Heaven",433,2008,Misc,0.58,0.51,1.93,0.14,DS,Nintendo,NULL,NULL,NULL
"Ace Combat 04: Shattered Skies",434,2001,Simulation,2.06,0.56,0.38,0.17,PS2,"Sony Computer Entertainment Europe",NULL,NULL,NULL
"Club Penguin: Elite Penguin Force",435,2008,Adventure,1.88,0.98,0,0.3,DS,"Disney Interactive Studios",NULL,NULL,NULL
"Animal Crossing",436,2001,Simulation,1.92,0.16,0.99,0.09,GC,Nintendo,NULL,NULL,NULL
"LEGO Batman: The Videogame",437,2008,Action,1.79,1.06,0,0.29,DS,"Warner Bros. Interactive Entertainment",NULL,NULL,NULL
"Sonic Rush",438,2005,Platform,1.22,1.57,0.06,0.29,DS,Sega,NULL,NULL,NULL
"Resident Evil 6",439,2012,Shooter,0.88,0.97,0.88,0.42,PS3,Capcom,NULL,NULL,NULL
"Halo: The Master Chief Collection",440,2014,Shooter,1.89,0.99,0.03,0.24,XOne,"Microsoft Game Studios",NULL,NULL,NULL
"FIFA Soccer 08",441,2007,Sports,0.68,0,0,2.46,PS2,"Electronic Arts",NULL,NULL,NULL
Spider-Man,442,2000,Action,1.7,1.25,0.02,0.16,PS,Activision,NULL,NULL,NULL
"Need for Speed III: Hot Pursuit",443,1998,Racing,2.14,0.86,0,0.13,PS,"Electronic Arts",NULL,NULL,NULL
"Star Wars Episode I Racer",444,1999,Racing,2.31,0.62,0.14,0.04,N64,Nintendo,NULL,NULL,NULL
"Personal Trainer: Cooking",445,2006,Misc,0.91,1,1.03,0.17,DS,Nintendo,NULL,NULL,NULL
"The Elder Scrolls IV: Oblivion",446,2007,Role-Playing,1.69,0.87,0.14,0.42,PS3,Ubisoft,NULL,NULL,NULL
"Dragon Warrior IV",447,1990,Role-Playing,0.08,0,3.03,0.01,NES,"Enix Corporation",NULL,NULL,NULL
"Heavy Rain",448,2010,Adventure,1.29,1.27,0.06,0.5,PS3,"Sony Computer Entertainment",NULL,NULL,NULL
"Mass Effect 2",449,2010,Role-Playing,1.99,0.82,0.03,0.27,X360,"Electronic Arts",NULL,NULL,NULL
"FIFA 15",450,2014,Sports,0.78,2.02,0,0.3,X360,"Electronic Arts",NULL,NULL,NULL
"Dragon Ball Z: Budokai",451,2002,Fighting,2.17,0.28,0.55,0.08,PS2,Atari,NULL,NULL,NULL
"Madden NFL 2002",452,2001,Sports,2.5,0.16,0.01,0.42,PS2,"Electronic Arts",NULL,NULL,NULL
"World Class Track Meet",453,1986,Sports,1.92,0.45,0.64,0.07,NES,"Namco Bandai Games",NULL,NULL,NULL
"Borderlands 2",454,2012,Shooter,1.89,0.91,0.04,0.24,X360,"Take-Two Interactive",NULL,NULL,NULL
"The Legend of Zelda: A Link Between Worlds",455,2013,Action,1.4,0.99,0.46,0.22,3DS,Nintendo,NULL,NULL,NULL
"Donkey Kong",456,1994,Platform,1.57,0.62,0.55,0.34,GB,Nintendo,NULL,NULL,NULL
"The Sims: Vacation",457,2002,Simulation,1.72,1.21,0,0.14,PC,"Electronic Arts",NULL,NULL,NULL
"Mass Effect 3",458,2012,Role-Playing,1.94,0.86,0.03,0.24,X360,"Electronic Arts",NULL,NULL,NULL
"Kung Fu Panda",459,2008,Action,1.91,0.84,0,0.29,X360,Activision,NULL,NULL,NULL
"Far Cry 3",460,2012,Shooter,1.38,1.35,0.02,0.28,X360,Ubisoft,NULL,NULL,NULL
"Epic Mickey",461,2010,Platform,2.06,0.64,0.12,0.22,Wii,"Disney Interactive Studios",NULL,NULL,NULL
"Saints Row 2",462,2008,Action,1.94,0.8,0.02,0.27,X360,THQ,NULL,NULL,NULL
Rayman,463,1995,Platform,1.54,1.33,0,0.16,PS,Ubisoft,NULL,NULL,NULL
"Killzone 2",464,2009,Shooter,1.4,1.07,0.08,0.47,PS3,"Sony Computer Entertainment",NULL,NULL,NULL
"Tom Clancy's Splinter Cell",465,2002,Action,1.85,1.04,0,0.13,XB,Ubisoft,NULL,NULL,NULL
"Mike Tyson's Punch-Out!!",466,1987,Fighting,2.03,0.47,0.45,0.07,NES,Nintendo,NULL,NULL,NULL
"WWE SmackDown! Shut Your Mouth",467,2002,Sports,1.45,1.13,0.07,0.38,PS2,THQ,NULL,NULL,NULL
"Gears of War: Ultimate Edition",468,2015,Shooter,2.38,0.32,0,0.31,XOne,"Microsoft Game Studios",NULL,NULL,NULL
"NBA 2K13",469,2012,Sports,2.6,0.21,0.01,0.19,X360,"Take-Two Interactive",NULL,NULL,NULL
"Dragon Ball Z: Budokai Tenkaichi 3",470,2007,Fighting,1.15,0,0.76,1.09,PS2,Atari,NULL,NULL,NULL
"Middle-Earth: Shadow of Mordor",472,2014,Action,1.01,1.41,0.05,0.53,PS4,"Warner Bros. Interactive Entertainment",NULL,NULL,NULL
"Star Fox",473,1993,Shooter,1.61,0.51,0.8,0.07,SNES,Nintendo,NULL,NULL,NULL
"The Sims: Livin Large",474,2000,Misc,1.67,1.18,0,0.13,PC,"Electronic Arts",NULL,NULL,NULL
"World Soccer Winning Eleven 6 International",475,2002,Sports,0.12,1.26,1.16,0.45,PS2,"Konami Digital Entertainment",NULL,NULL,NULL
"Devil May Cry",476,2001,Action,1.36,0.86,0.64,0.13,PS2,Capcom,NULL,NULL,NULL
"Animal Crossing: Happy Home Designer",477,2015,Simulation,0.47,1,1.39,0.12,3DS,Nintendo,NULL,NULL,NULL
"Battlefield: Bad Company 2",478,2010,Shooter,1.33,1.12,0.08,0.45,PS3,"Electronic Arts",NULL,NULL,NULL
"The Sims 4",479,2014,Simulation,0.96,1.72,0,0.29,PC,"Electronic Arts",NULL,NULL,NULL
"Star Wars: The Old Republic",480,2011,Role-Playing,1.58,1.01,0,0.38,PC,"Electronic Arts",NULL,NULL,NULL
"Sonic Heroes",481,2003,Platform,1.04,1.37,0.06,0.49,PS2,Sega,NULL,NULL,NULL
"Kirby Super Star Ultra",482,2008,Platform,1.57,0.04,1.19,0.15,DS,Nintendo,NULL,NULL,NULL
"Hitman 2: Silent Assassin",483,2002,Action,1.36,1.15,0.04,0.41,PS2,"Eidos Interactive",NULL,NULL,NULL
"Street Fighter IV",484,2009,Fighting,1.82,0.71,0.15,0.26,X360,Capcom,NULL,NULL,NULL
"Wave Race 64",485,1996,Racing,1.98,0.58,0.34,0.04,N64,Nintendo,NULL,NULL,NULL
"SOCOM II: U.S. Navy SEALs",486,2003,Shooter,2.22,0.51,0.06,0.15,PS2,"Sony Computer Entertainment",NULL,NULL,NULL
"WWE SmackDown! vs. RAW 2006",487,2005,Fighting,1.45,1.11,0.04,0.33,PS2,THQ,NULL,NULL,NULL
inFAMOUS,488,2009,Action,1.76,0.69,0.12,0.37,PS3,"Sony Computer Entertainment",NULL,NULL,NULL
"Pac-Man Collection",489,2001,Puzzle,2.07,0.77,0.05,0.05,GBA,Atari,NULL,NULL,NULL
"Mass Effect",490,2007,Role-Playing,1.83,0.8,0.03,0.27,X360,"Microsoft Game Studios",NULL,NULL,NULL
"WarioWare: Smooth Moves",491,2006,Puzzle,0.87,1.06,0.73,0.26,Wii,Nintendo,NULL,NULL,NULL
"Cooking Mama: Cook Off",492,2007,Simulation,1.43,1.13,0.05,0.3,Wii,"505 Games",NULL,NULL,NULL
"Super Mario World 2: Yoshi's Island",493,2002,Platform,1.75,0.45,0.62,0.09,GBA,Nintendo,NULL,NULL,NULL
"FIFA 14",494,2013,Sports,0.61,1.85,0.11,0.33,PS4,"Electronic Arts",NULL,NULL,NULL
Titanfall,495,2014,Shooter,1.84,0.8,0.04,0.22,XOne,"Electronic Arts",NULL,NULL,NULL
"Sonic Mega Collection Plus",496,2004,Misc,1.54,1.14,0,0.22,PS2,Sega,NULL,NULL,NULL
"Sega Superstars Tennis",497,2008,Sports,1.75,0.86,0,0.28,X360,Sega,NULL,NULL,NULL
"World Soccer Winning Eleven 7 International",498,2003,Sports,0.08,1.24,1.13,0.45,PS2,"Konami Digital Entertainment",NULL,NULL,NULL
"Need for Speed: Most Wanted",499,2012,Racing,0.71,1.51,0.06,0.61,PS3,"Electronic Arts",NULL,NULL,NULL
"Hot Shots Golf 3",500,2001,Sports,0.99,0.32,1.38,0.2,PS2,"Sony Computer Entertainment",NULL,NULL,NULL
"Call of Duty: Finest Hour",501,2004,Shooter,1.51,1.12,0.01,0.24,PS2,Activision,NULL,NULL,NULL
"Zumba Fitness 2",502,2011,Sports,1.54,1.07,0,0.28,Wii,"Majesco Entertainment",NULL,NULL,NULL
"Syphon Filter",503,1999,Shooter,2.03,0.72,0.02,0.11,PS,"Sony Computer Entertainment",NULL,NULL,NULL
"Imagine: Babyz",504,2007,Simulation,1.3,1.27,0,0.31,DS,Ubisoft,NULL,NULL,NULL
"Colin McRae Rally",505,1998,Racing,0.09,2.43,0.12,0.22,PS,Codemasters,NULL,NULL,NULL
"Call of Duty: Ghosts",506,2013,Shooter,1.87,0.77,0,0.22,XOne,Activision,NULL,NULL,NULL
"Madden NFL 13",507,2012,Sports,2.53,0.16,0,0.17,X360,"Electronic Arts",NULL,NULL,NULL
"The Elder Scrolls III: Morrowind",508,2002,Role-Playing,2.09,0.63,0.03,0.11,XB,Ubisoft,NULL,NULL,NULL
"Mortal Kombat",509,2011,Fighting,1.98,0.55,0,0.32,PS3,"Warner Bros. Interactive Entertainment",NULL,NULL,NULL
F-Zero,510,1990,Racing,1.37,0.51,0.89,0.07,SNES,Nintendo,NULL,NULL,NULL
"Yoshi's Story",511,1997,Platform,1.29,0.53,0.98,0.05,N64,Nintendo,NULL,NULL,NULL
"Command & Conquer: Red Alert",512,1996,Strategy,1.37,1.34,0,0.14,PC,"Virgin Interactive",NULL,NULL,NULL
"Skylanders: Spyro's Adventure",513,2011,Action,1.4,1.14,0,0.31,Wii,Activision,NULL,NULL,NULL
"FIFA 16",514,2015,Sports,0.4,1.98,0.05,0.42,PS3,"Electronic Arts",NULL,NULL,NULL
"Assassin's Creed: Brotherhood",515,2010,Action,1.87,0.57,0.11,0.3,PS3,Ubisoft,NULL,NULL,NULL
BioShock,516,2007,Shooter,1.65,0.86,0.05,0.28,X360,"Take-Two Interactive",NULL,NULL,NULL
"Madden NFL 10",517,2009,Sports,2.52,0.09,0,0.22,X360,"Electronic Arts",NULL,NULL,NULL
"Medal of Honor",518,2010,Shooter,1.28,1.05,0.07,0.43,PS3,"Electronic Arts",NULL,NULL,NULL
"WWE SmackDown! vs. Raw",519,2002,Fighting,1.32,1.08,0.04,0.39,PS2,THQ,NULL,NULL,NULL
"Metroid Prime",520,2002,Shooter,1.96,0.67,0.1,0.09,GC,Nintendo,NULL,NULL,NULL
"Finding Nemo",521,2003,Action,1.59,1.05,0.04,0.14,GBA,THQ,NULL,NULL,NULL
Myst,522,1994,Adventure,0.02,2.79,0,0,PC,"Red Orb",NULL,NULL,NULL
"Need for Speed: Hot Pursuit",523,2010,Racing,1.05,1.25,0.03,0.48,PS3,"Electronic Arts",NULL,NULL,NULL
"Imagine: Fashion Designer",524,2007,Simulation,1.32,1.19,0,0.3,DS,Ubisoft,NULL,NULL,NULL
"WWE SmackDown! Here Comes the Pain",525,2003,Fighting,1.32,1.06,0.04,0.38,PS2,THQ,NULL,NULL,NULL
"Star Wars: The Force Unleashed",526,2008,Action,1.74,0.8,0,0.26,X360,LucasArts,NULL,NULL,NULL
"Yoshi's Island DS",527,2006,Platform,1.47,0.07,1.1,0.15,DS,Nintendo,NULL,NULL,NULL
"Hot Shots Golf",528,1997,Sports,0.29,0.2,2.13,0.18,PS,"Sony Computer Entertainment",NULL,NULL,NULL
"Killzone 3",529,2011,Shooter,1.45,0.88,0.09,0.38,PS3,"Sony Computer Entertainment",NULL,NULL,NULL
"A Bug's Life",530,1998,Platform,1.96,0.72,0,0.11,PS,"Sony Computer Entertainment",NULL,NULL,NULL
"WWF SmackDown! Just Bring It",531,2001,Fighting,1.19,1.15,0.04,0.41,PS2,THQ,NULL,NULL,NULL
"Dragon Quest V: Tenkuu no Hanayome",532,1992,Role-Playing,0,0,2.78,0.01,SNES,"Enix Corporation",NULL,NULL,NULL
"Mortal Kombat Trilogy",533,1996,Fighting,1.98,0.7,0,0.11,PS,"GT Interactive",NULL,NULL,NULL
"Battlefield 3",534,2011,Shooter,0.89,1.43,0,0.48,PC,"Electronic Arts",NULL,NULL,NULL
"NBA Street",535,2001,Sports,2.19,0.22,0,0.38,PS2,"Electronic Arts",NULL,NULL,NULL
,536,2009,Puzzle,0.3,1.47,0.68,0.34,DS,Nintendo,NULL,NULL,NULL
"Monster Hunter Tri",537,2011,Role-Playing,0.46,0.29,1.96,0.07,3DS,Nintendo,NULL,NULL,NULL
"Jak II",538,2003,Platform,1.68,0.74,0,0.36,PS2,"Sony Computer Entertainment",NULL,NULL,NULL
"inFAMOUS: Second Son",539,2014,Action,1.27,0.97,0.07,0.47,PS4,"Sony Computer Entertainment",NULL,NULL,NULL
"Ratchet & Clank: Going Commando",540,2003,Platform,1.44,0.83,0.26,0.25,PS2,"Sony Computer Entertainment",NULL,NULL,NULL
"Tekken 6",541,2009,Fighting,1.2,0.98,0.17,0.43,PS3,"Namco Bandai Games",NULL,NULL,NULL
"The Sims",542,2003,Simulation,1.41,1.12,0,0.24,PS2,"Electronic Arts",NULL,NULL,NULL
"Sonic and the Secret Rings",543,2007,Platform,1.24,1.2,0.04,0.3,Wii,Sega,NULL,NULL,NULL
"Saints Row: The Third",544,2011,Action,1.25,1.15,0.07,0.3,X360,THQ,NULL,NULL,NULL
"Missile Command",545,1980,Shooter,2.56,0.17,0,0.03,2600,Atari,NULL,NULL,NULL
"Mario Paint",546,1992,Misc,1.43,0.54,0.71,0.07,SNES,Nintendo,NULL,NULL,NULL
"Assassin's Creed IV: Black Flag",547,2013,Action,1.07,1.31,0.06,0.31,PS4,Ubisoft,NULL,NULL,NULL
"Pokémon Stadium 2",548,2000,Strategy,1.02,0.36,1.13,0.23,N64,Nintendo,NULL,NULL,NULL
Metroid,549,1986,Action,1.33,0.31,1.04,0.05,NES,Nintendo,NULL,NULL,NULL
"L.A. Noire",550,2011,Adventure,1.52,0.94,0.02,0.24,X360,"Take-Two Interactive",NULL,NULL,NULL
"Call of Duty 3",551,2006,Shooter,1.49,0.93,0.02,0.27,X360,Activision,NULL,NULL,NULL
"The Legend of Zelda: A Link to the Past",552,2002,Action,1.75,0.52,0.33,0.1,GBA,Nintendo,NULL,NULL,NULL
"Onimusha: Warlords",553,2001,Action,0.99,0.48,1.09,0.14,PS2,"Virgin Interactive",NULL,NULL,NULL
"Mortal Kombat X",554,2015,Fighting,1.47,0.76,0,0.47,PS4,"Warner Bros. Interactive Entertainment",NULL,NULL,NULL
"Mario Party",555,1998,Misc,1.25,0.53,0.87,0.05,N64,Nintendo,NULL,NULL,NULL
"Madden NFL 12",556,2011,Sports,2.42,0.11,0,0.16,X360,"Electronic Arts",NULL,NULL,NULL
"LEGO Star Wars II: The Original Trilogy",557,2006,Action,1.85,0.64,0.01,0.19,PS2,LucasArts,NULL,NULL,NULL
"Madden NFL 11",558,2010,Sports,2.38,0.12,0,0.18,X360,"Electronic Arts",NULL,NULL,NULL
"Mario vs. Donkey Kong: Mini-Land Mayhem!",559,2010,Puzzle,1.63,0.52,0.35,0.18,DS,Nintendo,NULL,NULL,NULL
"Skate 3",560,2010,Sports,1.46,0.98,0,0.24,X360,"Electronic Arts",NULL,NULL,NULL
"Burnout 3: Takedown",561,2004,Racing,1.23,1.11,0,0.34,PS2,"Electronic Arts",NULL,NULL,NULL
"Yokai Watch 2 Shinuchi",562,2014,Role-Playing,0,0,2.68,0,3DS,"Level 5",NULL,NULL,NULL
"Need for Speed: Shift",563,2009,Racing,0.69,1.41,0.04,0.53,PS3,"Electronic Arts",NULL,NULL,NULL
"Final Fantasy XIII-2",564,2011,Role-Playing,0.78,0.75,0.89,0.26,PS3,"Square Enix",NULL,NULL,NULL
"Mortal Kombat",565,1992,Fighting,1.95,0.63,0,0.09,GEN,"Arena Entertainment",NULL,NULL,NULL
"Call Of Duty 2: Big Red One",566,2005,Shooter,1.48,0.92,0.01,0.26,PS2,Activision,NULL,NULL,NULL
"Guitar Hero: World Tour",567,2008,Misc,1.78,0.64,0,0.25,X360,Activision,NULL,NULL,NULL
"Medal of Honor",568,1998,Shooter,1.44,1.09,0,0.14,PS,"Electronic Arts",NULL,NULL,NULL
Fable,569,2004,Role-Playing,1.99,0.58,0,0.09,XB,"Microsoft Game Studios",NULL,NULL,NULL
"Hannah Montana",570,2006,Action,1.59,0.8,0,0.26,DS,"Disney Interactive Studios",NULL,NULL,NULL
"Tom Clancy's Splinter Cell",571,2003,Action,1.15,1.11,0,0.4,PS2,Ubisoft,NULL,NULL,NULL
"Skylanders Giants",572,2012,Action,1.56,0.88,0,0.22,Wii,Activision,NULL,NULL,NULL
"Medal of Honor Heroes",573,2006,Shooter,0.86,1.11,0.01,0.66,PSP,"Electronic Arts",NULL,NULL,NULL
"Super Mario Bros.: The Lost Levels",574,1986,Platform,0,0,2.65,0,NES,Nintendo,NULL,NULL,NULL
"Star Wars: Shadows of the Empire",575,1996,Action,2,0.5,0.12,0.03,N64,Nintendo,NULL,NULL,NULL
"LEGO Star Wars: The Complete Saga",576,2007,Action,1.53,0.87,0,0.24,X360,LucasArts,NULL,NULL,NULL
"Midnight Club: Street Racing",577,2000,Racing,2,0.47,0.02,0.14,PS2,"Take-Two Interactive",NULL,NULL,NULL
"Pac-Man: Adventures in Time",578,2006,Fighting,0.76,1.1,0.12,0.65,PSP,"Sony Computer Entertainment",NULL,NULL,NULL
"Halo Wars",579,2009,Strategy,1.53,0.82,0.04,0.24,X360,"Microsoft Game Studios",NULL,NULL,NULL
"God of War Collection",580,2009,Action,1.7,0.46,0.06,0.41,PS3,"Sony Computer Entertainment",NULL,NULL,NULL
"ESPN NFL 2K5",581,2004,Sports,2.15,0.12,0,0.36,PS2,Sega,NULL,NULL,NULL
"Mario Strikers Charged",582,2007,Sports,1.07,1.06,0.24,0.25,Wii,Nintendo,NULL,NULL,NULL
"Medal of Honor",583,2010,Shooter,1.55,0.81,0.04,0.21,X360,"Electronic Arts",NULL,NULL,NULL
"FIFA Soccer 10",584,2009,Sports,0.59,1.79,0.01,0.23,X360,"Electronic Arts",NULL,NULL,NULL
"NBA 2K12",585,2011,Sports,2.31,0.14,0.01,0.16,X360,"Take-Two Interactive",NULL,NULL,NULL
"Style Savvy",586,2008,Simulation,0.63,0.84,0.96,0.19,DS,Nintendo,NULL,NULL,NULL
"Harry Potter and the Chamber of Secrets",587,2002,Action,0.9,1.22,0.04,0.44,PS2,"Electronic Arts",NULL,NULL,NULL
"Super Mario All-Stars: Limited Edition",588,2010,Platform,1.02,0.52,0.92,0.14,Wii,Nintendo,NULL,NULL,NULL
"Streets of Rage",589,1990,Action,1.86,0.55,0.11,0.08,GEN,Sega,NULL,NULL,NULL
"FIFA Soccer 09",590,2008,Sports,0.48,1.63,0.04,0.43,PS3,"Electronic Arts",NULL,NULL,NULL
"Ratchet & Clank Future: Tools of Destruction",591,2007,Platform,0.93,1.12,0.08,0.45,PS3,"Sony Computer Entertainment",NULL,NULL,NULL
"NBA Live 2005",592,2004,Sports,2.03,0.21,0,0.35,PS2,"Electronic Arts",NULL,NULL,NULL
LittleBigPlanet,593,2009,Platform,0.64,1.24,0.01,0.69,PSP,"Sony Computer Entertainment",NULL,NULL,NULL
"Killzone: Shadow Fall",594,2013,Shooter,0.89,1.33,0.07,0.28,PS4,"Sony Computer Entertainment",NULL,NULL,NULL
"Ghostbusters: The Video Game (DS Version)",595,2009,Action,1.04,1.24,0.03,0.27,X360,"Take-Two Interactive",NULL,NULL,NULL
"Monster Hunter Freedom 2",596,2007,Role-Playing,0.37,0.27,1.75,0.18,PSP,Capcom,NULL,NULL,NULL
"WWE SmackDown vs. RAW 2007",597,2006,Fighting,1.4,0.88,0.03,0.26,PS2,THQ,NULL,NULL,NULL
"Ratchet & Clank: Up Your Arsenal",598,2004,Platform,1.31,0.74,0.31,0.22,PS2,"Sony Computer Entertainment",NULL,NULL,NULL
"Art Academy",599,2010,Misc,0.28,1.68,0.33,0.28,DS,Nintendo,NULL,NULL,NULL
"Dragon Age: Origins",600,2009,Role-Playing,1.76,0.56,0.03,0.22,X360,"Electronic Arts",NULL,NULL,NULL
"Madden NFL 08",601,2007,Sports,2.14,0.08,0,0.35,PS2,"Electronic Arts",NULL,NULL,NULL
"Sonic Adventure 2 Battle",602,2001,Platform,1.7,0.59,0.21,0.07,GC,Sega,NULL,NULL,NULL
"Dragon Warrior II",603,1987,Role-Playing,0.15,0,2.41,0,NES,"Enix Corporation",NULL,NULL,NULL
"Madden NFL 13",604,2012,Sports,2.11,0.23,0,0.22,PS3,"Electronic Arts",NULL,NULL,NULL
"Pokémon Colosseum",605,2003,Role-Playing,1.21,0.57,0.7,0.07,GC,Nintendo,NULL,NULL,NULL
"Deca Sports",606,2008,Sports,1.13,0.87,0.29,0.25,Wii,"Konami Digital Entertainment",NULL,NULL,NULL
"Madden NFL 09",607,2008,Sports,2.21,0.12,0,0.2,X360,"Electronic Arts",NULL,NULL,NULL
"Crazy Taxi",609,2001,Racing,1.13,1.12,0.06,0.22,PS2,"Acclaim Entertainment",NULL,NULL,NULL
"Perfect Dark",610,2000,Action,1.55,0.75,0.16,0.06,N64,Nintendo,NULL,NULL,NULL
"Game Party",611,2007,Misc,1.5,0.78,0,0.24,Wii,"Midway Games",NULL,NULL,NULL
"Dragon Warrior",612,1986,Role-Playing,0.49,0,0.52,1.51,NES,Capcom,NULL,NULL,NULL
"Tomb Raider (2013)",613,2013,Action,0.6,1.31,0.08,0.52,PS3,"Square Enix",NULL,NULL,NULL
"Marvel: Ultimate Alliance",614,2006,Role-Playing,2.29,0.02,0,0.19,X360,Activision,NULL,NULL,NULL
"PES 2009: Pro Evolution Soccer",615,2008,Sports,0.13,0.07,0.26,2.05,PS2,"Konami Digital Entertainment",NULL,NULL,NULL
"Mario Party 2",616,1999,Misc,1.28,0.14,1.08,0.01,N64,Nintendo,NULL,NULL,NULL
"Saints Row: The Third",617,2011,Action,0.86,1.06,0.18,0.39,PS3,THQ,NULL,NULL,NULL
"Rockstar Games Double Pack: Grand Theft Auto III & Grand Theft Auto Vice City",618,2003,Action,1.84,0.56,0,0.09,XB,"Take-Two Interactive",NULL,NULL,NULL
"LEGO Harry Potter: Years 1-4",619,2010,Action,1.29,0.97,0,0.23,Wii,"Warner Bros. Interactive Entertainment",NULL,NULL,NULL
"Mortal Kombat: Deadly Alliance",620,2002,Fighting,1.81,0.52,0,0.15,PS2,"Midway Games",NULL,NULL,NULL
"Resistance 2",621,2008,Shooter,1.15,0.85,0.1,0.39,PS3,"Sony Computer Entertainment",NULL,NULL,NULL
Pure,622,2008,Racing,1.38,0.85,0,0.25,X360,"Disney Interactive Studios",NULL,NULL,NULL
"Tomb Raider: The Last Revelation",623,1998,Action,1.15,1.14,0.06,0.13,PS,"Eidos Interactive",NULL,NULL,NULL
"NBA 2K13",624,2012,Sports,1.72,0.44,0.05,0.27,PS3,"Take-Two Interactive",NULL,NULL,NULL
"NBA 2K14",626,2013,Sports,2.1,0.2,0,0.17,X360,"Take-Two Interactive",NULL,NULL,NULL
"Mario Party 4",627,2002,Misc,1.13,0.36,0.92,0.07,GC,Nintendo,NULL,NULL,NULL
"uDraw Studio",628,2010,Misc,1.67,0.58,0,0.2,Wii,THQ,NULL,NULL,NULL
"Midnight Club: Los Angeles",629,2008,Racing,1.55,0.54,0.05,0.31,PS3,"Take-Two Interactive",NULL,NULL,NULL
"Final Fantasy V",630,1992,Role-Playing,0,0,2.43,0.02,SNES,SquareSoft,NULL,NULL,NULL
"Final Fantasy Tactics",631,1997,Role-Playing,0.93,0.12,1.34,0.06,PS,SquareSoft,NULL,NULL,NULL
"Twisted Metal 2",632,1996,Racing,2.12,0.25,0,0.07,PS,"Sony Computer Entertainment",NULL,NULL,NULL
"Halo: Combat Evolved Anniversary",633,2011,Shooter,1.44,0.73,0.04,0.22,X360,"Microsoft Game Studios",NULL,NULL,NULL
"Need for Speed Carbon: Own the City",634,2006,Racing,0.87,0.98,0,0.59,PSP,"Electronic Arts",NULL,NULL,NULL
"The Sims: Bustin' Out",635,2003,Simulation,1.07,1.19,0,0.18,PS2,"Electronic Arts",NULL,NULL,NULL
"Riven: The Sequel to Myst",636,1997,Adventure,1.52,0.82,0,0.1,PC,"Red Orb",NULL,NULL,NULL
"Tom Clancy's Rainbow Six: Vegas 2",637,2008,Shooter,1.56,0.61,0.02,0.23,X360,Ubisoft,NULL,NULL,NULL
"Sonic Adventure",638,1998,Platform,1.26,0.61,0.46,0.08,DC,Sega,NULL,NULL,NULL
"Ice Hockey",639,1988,Sports,1.27,0.32,0.78,0.05,NES,Nintendo,NULL,NULL,NULL
"pro evolution soccer 2011",640,2010,Sports,0.29,1.18,0.54,0.41,PS3,"Konami Digital Entertainment",NULL,NULL,NULL
"Dragon Ball Z: Budokai 2",641,2003,Fighting,1.63,0.22,0.51,0.06,PS2,Atari,NULL,NULL,NULL
"ATV Offroad Fury",642,2001,Racing,2.07,0.26,0,0.08,PS2,"Sony Computer Entertainment",NULL,NULL,NULL
"Dino Crisis",643,1998,Action,0.81,0.76,0.7,0.14,PS,Capcom,NULL,NULL,NULL
Minecraft,644,2014,Misc,1.43,0.76,0,0.22,XOne,"Microsoft Game Studios",NULL,NULL,NULL
"Need for Speed: ProStreet",645,2007,Racing,0.69,0,0.04,1.68,PS2,"Electronic Arts",NULL,NULL,NULL
"Madden NFL 16",646,2015,Sports,2.07,0.08,0,0.26,XOne,"Electronic Arts",NULL,NULL,NULL
"Tetris Plus",647,1996,Puzzle,2.1,0.24,0,0.07,PS,JVC,NULL,NULL,NULL
"Pro Wrestling",648,1987,Fighting,0.77,0.18,1.42,0.03,NES,Nintendo,NULL,NULL,NULL
"Theme Hospital",649,1997,Strategy,2.3,0.1,0,0,PC,"Electronic Arts",NULL,NULL,NULL
"Need for Speed (2015)",651,2015,Racing,0.49,1.49,0.05,0.36,PS4,"Electronic Arts",NULL,NULL,NULL
"Zumba Fitness",652,2010,Sports,1.74,0.48,0,0.18,X360,"505 Games",NULL,NULL,NULL
Monopoly,655,1994,Misc,1.49,0.81,0,0.1,PC,"Hasbro Interactive",NULL,NULL,NULL
"Batman: Arkham Origins",656,2013,Action,1.07,0.87,0.04,0.4,PS3,"Warner Bros. Interactive Entertainment",NULL,NULL,NULL
"Dead Island",657,2011,Action,1.48,0.71,0,0.2,X360,"Deep Silver",NULL,NULL,NULL
"Guitar Hero",658,2005,Misc,1.67,0.61,0.03,0.07,PS2,RedOctane,NULL,NULL,NULL
"LEGO Star Wars: The Complete Saga",659,2007,Action,1.02,0.97,0,0.39,PS3,LucasArts,NULL,NULL,NULL
"Kinect: Disneyland Adventures",660,2011,Misc,1.73,0.46,0.02,0.18,X360,"Microsoft Game Studios",NULL,NULL,NULL
"WCW/nWo Revenge",661,1998,Fighting,1.94,0.39,0.03,0.02,N64,THQ,NULL,NULL,NULL
Bloodborne,662,2015,Action,1,0.76,0.26,0.36,PS4,"Sony Computer Entertainment",NULL,NULL,NULL
"NBA 2K15",663,2014,Sports,1.46,0.54,0.01,0.37,PS4,"Take-Two Interactive",NULL,NULL,NULL
"Madden NFL 11",664,2010,Sports,2.04,0.15,0,0.19,PS3,"Electronic Arts",NULL,NULL,NULL
"Yu-Gi-Oh! The Duelists of the Roses",665,2001,Misc,1.16,0.91,0,0.3,PS2,"Konami Digital Entertainment",NULL,NULL,NULL
"Madden NFL 08",666,2007,Sports,2.18,0.01,0,0.18,X360,"Electronic Arts",NULL,NULL,NULL
"Half-Life 2",667,2004,Shooter,2.28,0.02,0.08,0,PC,"Vivendi Games",NULL,NULL,NULL
"The Incredibles",668,2004,Action,0.96,1.08,0.04,0.3,PS2,THQ,NULL,NULL,NULL
"Tony Hawk's Underground 2",669,2004,Sports,1.25,0.86,0.01,0.26,PS2,Activision,NULL,NULL,NULL
"Madden NFL 10",670,2009,Sports,2.03,0.13,0,0.21,PS3,"Electronic Arts",NULL,NULL,NULL
"Kinect Sports: Season Two",671,2011,Sports,1.38,0.74,0.02,0.22,X360,"Microsoft Game Studios",NULL,NULL,NULL
"Kirby's Dream Land 2",672,1995,Platform,0.69,0.14,1.48,0.05,GB,Nintendo,NULL,NULL,NULL
"LEGO Harry Potter: Years 1-4",673,2010,Action,1.07,1.05,0,0.23,DS,"Warner Bros. Interactive Entertainment",NULL,NULL,NULL
"Donkey Kong Land II",674,1996,Platform,1.39,0.48,0.4,0.08,GB,Nintendo,NULL,NULL,NULL
"Dragon Warrior Monsters",675,1998,Role-Playing,0,0,2.34,0.01,GB,"Eidos Interactive",NULL,NULL,NULL
"Midnight Club: Los Angeles",676,2008,Racing,1.68,0.46,0.01,0.2,X360,"Take-Two Interactive",NULL,NULL,NULL
"Skylanders SWAP Force",677,2013,Platform,1.32,0.83,0,0.2,Wii,Activision,NULL,NULL,NULL
"WWE SmackDown vs Raw 2008",678,2007,Fighting,0.92,0,0.01,1.41,PS2,THQ,NULL,NULL,NULL
"My Fitness Coach",679,2008,Sports,1.2,0.9,0,0.24,Wii,Ubisoft,NULL,NULL,NULL
"Resident Evil - Code: Veronica X",680,2001,Action,1.08,0.7,0.34,0.21,PS2,Capcom,NULL,NULL,NULL
"The Sims 3",681,2010,Simulation,1.27,0.86,0,0.2,X360,"Electronic Arts",NULL,NULL,NULL
"The Legend of Zelda: Majora's Mask 3D",682,2015,Action,1.14,0.54,0.47,0.17,3DS,Nintendo,NULL,NULL,NULL
"NBA 2K16",683,2015,Sports,1.93,0.14,0,0.24,XOne,"Take-Two Interactive",NULL,NULL,NULL
"Just Dance Kids",684,2010,Misc,1.57,0.56,0,0.19,Wii,Ubisoft,NULL,NULL,NULL
"Mario Tennis",685,2000,Sports,0.78,0.4,1.06,0.07,N64,Nintendo,NULL,NULL,NULL
"Grand Theft Auto",686,1997,Action,0.79,1.35,0.04,0.14,PS,"Take-Two Interactive",NULL,NULL,NULL
"James Bond 007: Everything or Nothing",687,2004,Shooter,0.85,1.06,0.09,0.32,PS2,"Electronic Arts",NULL,NULL,NULL
"WarioWare Touched!",688,2004,Puzzle,0.52,0.45,1.21,0.13,DS,Nintendo,NULL,NULL,NULL
"Need For Speed: High Stakes",689,1999,Racing,1.58,0.64,0,0.09,PS,"Electronic Arts",NULL,NULL,NULL
"Chrono Trigger",690,1995,Role-Playing,0.28,0,2.02,0.01,SNES,SquareSoft,NULL,NULL,NULL
"Cool Boarders 3",691,1998,Sports,1.65,0.46,0.1,0.1,PS,"989 Studios",NULL,NULL,NULL
"LEGO Marvel Super Heroes",692,2013,Action,1.24,0.85,0,0.21,X360,"Warner Bros. Interactive Entertainment",NULL,NULL,NULL
"Guild Wars 2",693,2012,Action,0.95,1.06,0,0.29,PC,NCSoft,NULL,NULL,NULL
"Pokemon Ranger: Shadows of Almia",694,2008,Role-Playing,0.95,0.54,0.62,0.18,DS,Nintendo,NULL,NULL,NULL
"Dead Island",695,2011,Action,1.08,0.75,0.15,0.31,PS3,"Deep Silver",NULL,NULL,NULL
"Tomb Raider II",696,1997,Action,0.91,1.25,0,0.13,PC,"Eidos Interactive",NULL,NULL,NULL
"God of War: Ascension",697,2013,Action,1.23,0.68,0.04,0.34,PS3,"Sony Computer Entertainment",NULL,NULL,NULL
"Need for Speed Underground 2",698,2004,Racing,1.38,0.8,0,0.1,XB,"Electronic Arts",NULL,NULL,NULL
"Pro Evolution Soccer 2010",699,2009,Sports,0.3,1.27,0.46,0.26,PS3,"Konami Digital Entertainment",NULL,NULL,NULL
"Just Dance 2015",700,2014,Misc,1.11,0.98,0,0.2,Wii,Ubisoft,NULL,NULL,NULL
"Yokai Watch Busters",701,2015,Action,0,0,2.28,0,3DS,"Level 5",NULL,NULL,NULL
"Mario Bros.",702,1983,Platform,0.51,0.12,1.63,0.02,NES,Nintendo,NULL,NULL,NULL
"FIFA Soccer 09",703,2008,Sports,0.38,0.07,0.01,1.82,PS2,"Electronic Arts",NULL,NULL,NULL
"Star Wars: The Force Unleashed",704,2008,Action,1.01,0.9,0,0.37,PS3,LucasArts,NULL,NULL,NULL
"Borderlands 2",705,2012,Shooter,1.05,0.77,0.1,0.36,PS3,"Take-Two Interactive",NULL,NULL,NULL
"TOCA Touring Car Championship",706,1997,Racing,0.07,2,0.02,0.18,PS,Codemasters,NULL,NULL,NULL
"Paper Mario: Sticker Star",707,2012,Role-Playing,1.12,0.39,0.64,0.12,3DS,Nintendo,NULL,NULL,NULL
"Sonic's Ultimate Genesis Collection",708,2009,Misc,1.34,0.62,0,0.31,PS3,Sega,NULL,NULL,NULL
"Super Monkey Ball: Banana Blitz",709,2006,Misc,1.07,0.92,0.04,0.24,Wii,Sega,NULL,NULL,NULL
"Kirby: Nightmare in Dream Land",710,2002,Platform,1.22,0.1,0.91,0.04,GBA,Nintendo,NULL,NULL,NULL
"Wario Land 4",711,2001,Platform,0.9,0.73,0.54,0.09,GBA,Nintendo,NULL,NULL,NULL
"Guitar Hero III: Legends of Rock",712,2007,Misc,1.4,0.54,0.02,0.3,PS3,Activision,NULL,NULL,NULL
"Resident Evil 4",714,2007,Action,1.34,0.57,0.14,0.21,Wii,Capcom,NULL,NULL,NULL
Minecraft,715,2014,Misc,0.28,0.79,0.87,0.32,PSV,"Sony Computer Entertainment Europe",NULL,NULL,NULL
"Onimusha 2: Samurai's Destiny",716,2002,Adventure,0.62,0.44,1.06,0.13,PS2,Capcom,NULL,NULL,NULL
"Cool Boarders 2",717,1997,Sports,1.52,0.46,0.2,0.08,PS,"UEP Systems",NULL,NULL,NULL
"Paper Mario: The Thousand-Year Door",718,2004,Role-Playing,1.48,0.25,0.46,0.06,GC,Nintendo,NULL,NULL,NULL
"Madden NFL 12",719,2011,Sports,1.93,0.15,0,0.17,PS3,"Electronic Arts",NULL,NULL,NULL
"Monster Hunter Tri",720,2009,Role-Playing,0.67,0.41,1.05,0.11,Wii,Nintendo,NULL,NULL,NULL
"Dissidia: Final Fantasy",721,2008,Fighting,0.51,0.51,0.91,0.32,PSP,"Square Enix",NULL,NULL,NULL
"Sonic Advance",722,2001,Platform,1.19,0.71,0.22,0.13,GBA,Sega,NULL,NULL,NULL
"Spyro: Season of Ice",723,2001,Platform,1.29,0.83,0,0.11,GBA,"Vivendi Games",NULL,NULL,NULL
"Teenage Mutant Ninja Turtles II: The Arcade Game",724,1990,Action,1.74,0.25,0.21,0.03,NES,"Konami Digital Entertainment",NULL,NULL,NULL
"LEGO Indiana Jones: The Original Adventures",725,2008,Action,1.42,0.61,0,0.21,DS,Activision,NULL,NULL,NULL
"Dance Dance Revolution X2",726,2009,Simulation,1.09,0.85,0,0.28,PS2,"Konami Digital Entertainment",NULL,NULL,NULL
"New Super Luigi U",727,2013,Platform,1.27,0.62,0.18,0.16,WiiU,Nintendo,NULL,NULL,NULL
"Prince of Persia: The Sands of Time",728,2003,Action,0.88,1.03,0,0.31,PS2,Ubisoft,NULL,NULL,NULL
Scribblenauts,729,2009,Puzzle,1.71,0.32,0.02,0.18,DS,"Warner Bros. Interactive Entertainment",NULL,NULL,NULL
"The Legend of Zelda: Link's Awakening DX",730,1998,Adventure,1,0.63,0.45,0.13,GB,Nintendo,NULL,NULL,NULL
"Need for Speed: Hot Pursuit",731,2010,Racing,1.03,0.98,0,0.21,X360,"Electronic Arts",NULL,NULL,NULL
"BioShock 2",732,2010,Shooter,1.45,0.55,0.02,0.19,X360,"Take-Two Interactive",NULL,NULL,NULL
"Assassin's Creed IV: Black Flag",733,2013,Action,1.47,0.55,0,0.19,XOne,Ubisoft,NULL,NULL,NULL
"Devil May Cry 3: Dante's Awakening Special Edition",734,2006,Action,1.06,0.82,0.05,0.28,PS2,Capcom,NULL,NULL,NULL
"Rock Band 2",735,2008,Misc,1.78,0.24,0,0.18,X360,"Electronic Arts",NULL,NULL,NULL
Frogger,736,1981,Action,2.06,0.12,0,0.02,2600,"Parker Bros.",NULL,NULL,NULL
"Guitar Hero II",737,2007,Misc,2.01,0.02,0,0.17,X360,Activision,NULL,NULL,NULL
"Wario Land 3",738,2000,Platform,1.11,0.51,0.34,0.23,GB,Nintendo,NULL,NULL,NULL
"Pro Yakyuu Family Stadium",739,1986,Sports,0.15,0,2.05,0,NES,"Namco Bandai Games",NULL,NULL,NULL
"Sonic Unleashed",740,2008,Platform,1.28,0.68,0.02,0.21,Wii,Sega,NULL,NULL,NULL
"High School Musical: Makin' the Cut!",741,2007,Puzzle,1.06,0.91,0,0.23,DS,"Disney Interactive Studios",NULL,NULL,NULL
"Pro Evolution Soccer 2012",742,2011,Action,0.34,0.97,0.55,0.33,PS3,"Konami Digital Entertainment",NULL,NULL,NULL
"Saints Row",743,2006,Action,1.17,0.78,0.02,0.22,X360,THQ,NULL,NULL,NULL
"Star Wars: Knights of the Old Republic",744,2003,Role-Playing,1.68,0.44,0,0.08,XB,Activision,NULL,NULL,NULL
"Kirby's Pinball Land",745,1992,Misc,0.87,0.17,1.1,0.05,GB,Nintendo,NULL,NULL,NULL
"Donkey Kong Country",746,2000,Platform,1.04,0.72,0.3,0.13,GB,Nintendo,NULL,NULL,NULL
"Hitman: Absolution",747,2012,Action,0.59,1.07,0.07,0.45,PS3,"Square Enix",NULL,NULL,NULL
"Yu-Gi-Oh: Duel Monsters 4",748,2000,Role-Playing,0,0,2.17,0.01,GB,"Konami Digital Entertainment",NULL,NULL,NULL
"ATV Offroad Fury 2",749,2002,Racing,1.92,0.2,0,0.06,PS2,THQ,NULL,NULL,NULL
"Forza Motorsport 5",750,2013,Racing,1.21,0.78,0.01,0.17,XOne,"Microsoft Game Studios",NULL,NULL,NULL
"Madden NFL 25",751,2013,Sports,1.97,0.07,0,0.13,X360,"Electronic Arts",NULL,NULL,NULL
"Pokemon Ranger",752,2006,Role-Playing,1.29,0.04,0.73,0.12,DS,Nintendo,NULL,NULL,NULL
"Mario & Luigi: Superstar Saga",753,2003,Role-Playing,1.48,0.17,0.47,0.06,GBA,Nintendo,NULL,NULL,NULL
"Final Fantasy XIII",754,2010,Role-Playing,1.27,0.68,0.01,0.2,X360,"Square Enix",NULL,NULL,NULL
"Star Wars: Rogue Squadron",755,1998,Simulation,1.6,0.46,0.08,0.03,N64,Nintendo,NULL,NULL,NULL
Tennis,756,1984,Sports,0.48,0.11,1.56,0.02,NES,Nintendo,NULL,NULL,NULL
"The Sims: House Party",757,2001,Simulation,1.23,0.83,0,0.1,PC,"Electronic Arts",NULL,NULL,NULL
"Your Shape featuring Jenny McCarthy",758,2009,Sports,1.51,0.47,0,0.18,Wii,Ubisoft,NULL,NULL,NULL
"Syphon Filter 2",759,2000,Shooter,1.5,0.55,0.02,0.08,PS,"Sony Computer Entertainment",NULL,NULL,NULL
"Tom Clancy's Rainbow Six: Siege",760,2015,Shooter,0.54,1.16,0.13,0.32,PS4,Ubisoft,NULL,NULL,NULL
Volleyball,761,1987,Sports,0.14,0.03,1.98,0,NES,Nintendo,NULL,NULL,NULL
"FIFA 15",762,2014,Sports,0.6,1.41,0,0.14,XOne,"Electronic Arts",NULL,NULL,NULL
"Call of Duty: Roads to Victory",763,2007,Shooter,0.52,1.03,0,0.59,PSP,Activision,NULL,NULL,NULL
"Super Mario RPG: Legend of the Seven Stars",764,1996,Role-Playing,0.66,0,1.45,0.03,SNES,Nintendo,NULL,NULL,NULL
Mahjong,765,1983,Misc,0.01,0,2.13,0,NES,Nintendo,NULL,NULL,NULL
"R.C. Pro-Am",766,1988,Racing,1.47,0.38,0.19,0.1,NES,Nintendo,NULL,NULL,NULL
"SimCity 2000",767,1992,Simulation,1.2,0.84,0,0.1,PC,Maxis,NULL,NULL,NULL
"Demon Attack",768,1981,Shooter,1.99,0.12,0,0.02,2600,Imagic,NULL,NULL,NULL
"Dance Dance Revolution Extreme",769,2004,Simulation,1.04,0.81,0,0.27,PS2,"Konami Digital Entertainment",NULL,NULL,NULL
"Tetris DS",770,2006,Puzzle,0.64,0.07,1.35,0.08,DS,Nintendo,NULL,NULL,NULL
"Final Fantasy Tactics Advance",771,2003,Role-Playing,0.82,0.37,0.89,0.05,GBA,SquareSoft,NULL,NULL,NULL
"Toy Story 3: The Video Game",773,2010,Action,0.93,0.97,0.02,0.21,DS,"Disney Interactive Studios",NULL,NULL,NULL
"Final Fantasy III",774,2006,Role-Playing,0.91,0.05,1.07,0.09,DS,"Square Enix",NULL,NULL,NULL
"Kirby's Epic Yarn",775,2010,Platform,1.47,0.09,0.45,0.11,Wii,Nintendo,NULL,NULL,NULL
"Project Gotham Racing",776,2001,Racing,1.37,0.61,0.05,0.09,XB,"Microsoft Game Studios",NULL,NULL,NULL
Golf,777,1989,Sports,0.83,0.33,0.92,0.04,GB,Nintendo,NULL,NULL,NULL
"NBA 2K12",778,2011,Sports,1.61,0.27,0.05,0.18,PS3,"Take-Two Interactive",NULL,NULL,NULL
Borderlands,779,2009,Shooter,1.2,0.62,0,0.29,PS3,"Take-Two Interactive",NULL,NULL,NULL
"Tony Hawk's Pro Skater",780,2000,Sports,1.68,0.4,0,0.03,N64,Activision,NULL,NULL,NULL
"PES 2009: Pro Evolution Soccer",781,2008,Sports,0.11,1.34,0.4,0.26,PS3,"Konami Digital Entertainment",NULL,NULL,NULL
"Need for Speed: Hot Pursuit 2",782,2002,Racing,1.68,0.31,0.02,0.09,PS2,"Electronic Arts",NULL,NULL,NULL
"Mario Sports Mix",783,2010,Sports,0.9,0.45,0.63,0.13,Wii,Nintendo,NULL,NULL,NULL
"Dynasty Warriors 4",785,2003,Action,0.63,0.21,1.13,0.13,PS2,"Tecmo Koei",NULL,NULL,NULL
"Mortal Kombat",786,2011,Fighting,1.63,0.33,0,0.15,X360,"Warner Bros. Interactive Entertainment",NULL,NULL,NULL
"Parasite Eve",787,1998,Role-Playing,0.94,0.07,1.05,0.04,PS,SquareSoft,NULL,NULL,NULL
"Scooby-Doo! Night of 100 Frights",788,2002,Platform,1.17,0.72,0,0.22,PS2,THQ,NULL,NULL,NULL
"Project Gotham Racing (JP weekly sales)",789,2002,Action,1.54,0.44,0.04,0.07,XB,"Microsoft Game Studios",NULL,NULL,NULL
"Need for Speed: Most Wanted 5-1-0",790,2005,Racing,1.77,0.13,0.02,0.18,PSP,"Electronic Arts",NULL,NULL,NULL
"Portal 2",791,2011,Shooter,1.41,0.51,0.01,0.17,X360,"Valve Software",NULL,NULL,NULL
"Devil May Cry 3: Dante's Awakening",792,2005,Action,0.99,0.63,0.29,0.19,PS2,Capcom,NULL,NULL,NULL
"Derby Stallion",793,1997,Sports,0,0,1.96,0.14,PS,"ASCII Entertainment",NULL,NULL,NULL
"Dead Rising",794,2006,Action,1.16,0.65,0.08,0.2,X360,Capcom,NULL,NULL,NULL
"Finding Nemo",795,2003,Action,1.26,0.6,0.05,0.18,PS2,THQ,NULL,NULL,NULL
"NBA 2K11",796,2010,Action,1.84,0.12,0.01,0.13,X360,"Take-Two Interactive",NULL,NULL,NULL
"Wipeout: The Game",797,2009,Misc,1.97,0,0,0.12,Wii,Mindscape,NULL,NULL,NULL
"The Sims 2: Pets",798,2006,Simulation,0.92,0.94,0,0.22,DS,"Electronic Arts",NULL,NULL,NULL
"Battlefield: Hardline",799,2015,Shooter,0.7,0.93,0.14,0.32,PS4,"Electronic Arts",NULL,NULL,NULL
"Metal Gear Solid: Peace Walker",800,2010,Action,0.46,0.42,0.96,0.25,PSP,"Konami Digital Entertainment",NULL,NULL,NULL
"World of Warcraft: Cataclysm",801,2010,Role-Playing,1.77,0.32,0,0,PC,Activision,NULL,NULL,NULL
"Tetris Worlds",802,2002,Puzzle,1.11,0.71,0,0.27,PS2,THQ,NULL,NULL,NULL
"Need For Speed: Undercover",803,2008,Racing,0.63,1.02,0.05,0.39,PS3,"Electronic Arts",NULL,NULL,NULL
"Dance Dance Revolution: Hottest Party",804,2007,Simulation,1.36,0.52,0,0.2,Wii,"Konami Digital Entertainment",NULL,NULL,NULL
"Mario Party 5",805,2003,Misc,0.97,0.33,0.73,0.06,GC,Nintendo,NULL,NULL,NULL
"Ghostbusters: The Video Game (DS Version)",806,2010,Action,0.59,0.99,0.13,0.36,PS3,"Take-Two Interactive",NULL,NULL,NULL
"Sim Theme Park",807,1998,Strategy,2.04,0.04,0,0,PC,"Electronic Arts",NULL,NULL,NULL
"Warcraft: Orcs & Humans",808,1994,Strategy,0.89,1.08,0,0.11,PC,Activision,NULL,NULL,NULL
"Skate 3",809,2010,Sports,0.79,0.94,0,0.35,PS3,"Electronic Arts",NULL,NULL,NULL
"Spec Ops: Airborne Commando",810,2002,Shooter,1.54,0.46,0,0.08,PS,"Take-Two Interactive",NULL,NULL,NULL
"Kingdom Hearts: Birth by Sleep",811,2010,Role-Playing,0.63,0.42,0.75,0.26,PSP,"Square Enix",NULL,NULL,NULL
"UFC 2009 Undisputed",812,2009,Fighting,1.48,0.39,0,0.19,X360,THQ,NULL,NULL,NULL
"Dark Souls",813,2011,Role-Playing,0.75,0.54,0.54,0.23,PS3,"Namco Bandai Games",NULL,NULL,NULL
"Yu-Gi-Oh! The Eternal Duelist Soul",814,2001,Strategy,1.64,0.36,0,0.07,GBA,"Konami Digital Entertainment",NULL,NULL,NULL
"Need for Speed: ProStreet",815,2007,Racing,1.04,0.8,0.01,0.22,X360,"Electronic Arts",NULL,NULL,NULL
"The Sims 3",816,2010,Simulation,0.73,0.97,0.02,0.34,PS3,"Electronic Arts",NULL,NULL,NULL
"Tom Clancy's Splinter Cell: Conviction",817,2010,Action,1.2,0.63,0.04,0.19,X360,Ubisoft,NULL,NULL,NULL
"Pokemon Mystery Dungeon: Red/Blue Rescue Team",818,2005,Role-Playing,0.71,0.52,0.74,0.08,GBA,Nintendo,NULL,NULL,NULL
"The Incredibles",819,2004,Action,1.15,0.77,0.04,0.1,GBA,THQ,NULL,NULL,NULL
"R4: Ridge Racer Type 4",820,1998,Racing,0.68,0.46,0.79,0.13,PS,"Namco Bandai Games",NULL,NULL,NULL
"SoulCalibur II",821,2003,Fighting,1.06,0.62,0.13,0.25,PS2,"Namco Bandai Games",NULL,NULL,NULL
"Mario & Luigi: Dream Team",822,2013,Role-Playing,0.89,0.57,0.46,0.13,3DS,Nintendo,NULL,NULL,NULL
"Need for Speed: ProStreet",823,2007,Racing,0.73,0.92,0.04,0.37,PS3,"Electronic Arts",NULL,NULL,NULL
"Carnival Games",824,2008,Misc,1.23,0.64,0,0.19,DS,"Take-Two Interactive",NULL,NULL,NULL
"NBA 2K14",825,2013,Sports,1.43,0.33,0.04,0.25,PS3,"Take-Two Interactive",NULL,NULL,NULL
"Pokémon Mystery Dungeon: Blue Rescue Team",826,2005,Role-Playing,1.16,0.06,0.83,0,DS,Nintendo,NULL,NULL,NULL
"Sonic Mega Collection",827,2002,Misc,1.47,0.48,0.05,0.06,GC,Infogrames,NULL,NULL,NULL
"Diablo III",828,2013,Role-Playing,0.71,0.83,0.15,0.35,PS3,Activision,NULL,NULL,NULL
"NBA Jam",829,1992,Sports,1.75,0.25,0,0.05,GEN,"Arena Entertainment",NULL,NULL,NULL
"PGR4 - Project Gotham Racing 4",830,2007,Racing,0.48,1.29,0.02,0.25,X360,"Microsoft Game Studios",NULL,NULL,NULL
"Kingdom Hearts 358/2 Days",831,2009,Role-Playing,1.11,0.27,0.53,0.14,DS,"Square Enix",NULL,NULL,NULL
"Dance Central 2",832,2011,Misc,1.45,0.42,0.01,0.16,X360,"Microsoft Game Studios",NULL,NULL,NULL
"Rayman Raving Rabbids: TV Party",833,2008,Misc,0.73,1.09,0,0.23,Wii,Ubisoft,NULL,NULL,NULL
"SOCOM: U.S. Navy SEALs: Combined Assault",834,2006,Shooter,1.74,0.02,0,0.28,PS2,"Sony Computer Entertainment",NULL,NULL,NULL
"Peter Jackson's King Kong: The Official Game of the Movie",835,2005,Action,0.71,1.02,0,0.31,PS2,Ubisoft,NULL,NULL,NULL
"Donkey Kong Country",836,2003,Platform,1.2,0.48,0.29,0.07,GBA,Nintendo,NULL,NULL,NULL
"Need for Speed: The Run",837,2011,Action,0.58,1.06,0.03,0.37,PS3,"Electronic Arts",NULL,NULL,NULL
"Madden NFL 15",838,2014,Sports,1.53,0.25,0,0.25,PS4,"Electronic Arts",NULL,NULL,NULL
"1080°: TenEighty Snowboarding",839,1998,Sports,1.25,0.61,0.13,0.05,N64,Nintendo,NULL,NULL,NULL
"Just Dance 3",840,2011,Misc,1.47,0.4,0,0.16,X360,Ubisoft,NULL,NULL,NULL
"NBA Live 2004",841,2003,Sports,1.57,0.18,0,0.27,PS2,"Electronic Arts",NULL,NULL,NULL
"Dead Space",842,2008,Action,1.05,0.67,0,0.3,PS3,"Electronic Arts",NULL,NULL,NULL
"Call of Duty 2",843,2005,Shooter,1.81,0.05,0.01,0.15,X360,Activision,NULL,NULL,NULL
"Madden NFL 15",844,2014,Sports,1.76,0.09,0,0.17,X360,"Electronic Arts",NULL,NULL,NULL
"Forza Horizon",845,2012,Racing,0.82,0.98,0.04,0.18,X360,"Microsoft Game Studios",NULL,NULL,NULL
TouchMaster,846,2007,Puzzle,0.49,1.27,0,0.25,DS,"Midway Games",NULL,NULL,NULL
"LEGO Marvel Super Heroes",848,2013,Action,0.77,0.85,0.01,0.37,PS3,"Warner Bros. Interactive Entertainment",NULL,NULL,NULL
"Fire Emblem: Awakening",849,2012,Role-Playing,0.89,0.45,0.53,0.13,3DS,Nintendo,NULL,NULL,NULL
DriveClub,850,2014,Racing,0.35,1.31,0.02,0.33,PS4,"Sony Computer Entertainment",NULL,NULL,NULL
"Super Street Fighter II",851,1993,Fighting,0.52,0.16,1.29,0.03,SNES,Nintendo,NULL,NULL,NULL
"Mortal Kombat vs. DC Universe",852,2008,Fighting,1.48,0.3,0,0.22,PS3,"Midway Games",NULL,NULL,NULL
"Tenchu: Stealth Assassins",853,1997,Action,0.95,0.64,0.27,0.13,PS,Activision,NULL,NULL,NULL
Tennis,854,1989,Sports,0.75,0.3,0.9,0.04,GB,Nintendo,NULL,NULL,NULL
"Harry Potter and the Chamber of Secrets",855,2002,Action,1.21,0.64,0.05,0.09,GBA,"Electronic Arts",NULL,NULL,NULL
"Harry Potter and the Chamber of Secrets",856,2002,Action,0.75,1.09,0.02,0.12,PS,"Electronic Arts",NULL,NULL,NULL
SimCity,857,1991,Simulation,0.93,0.27,0.75,0.04,SNES,Nintendo,NULL,NULL,NULL
"Battlefield 4",858,2013,Shooter,1.25,0.58,0,0.16,XOne,"Electronic Arts",NULL,NULL,NULL
"Resident Evil 6",859,2012,Shooter,1.11,0.63,0.07,0.16,X360,Capcom,NULL,NULL,NULL
"Dragon Age: Inquisition",860,2014,Role-Playing,0.72,0.86,0.08,0.32,PS4,"Electronic Arts",NULL,NULL,NULL
"Sonic Classic Collection",861,2010,Platform,0.99,0.8,0,0.18,DS,Sega,NULL,NULL,NULL
"Spyro: Enter the Dragonfly",862,2002,Platform,0.74,0.95,0,0.28,PS2,"Universal Interactive",NULL,NULL,NULL
"Call of Duty: World at War",863,2008,Shooter,1.2,0.59,0,0.19,Wii,Activision,NULL,NULL,NULL
"Devil May Cry 2",864,2003,Action,0.71,0.58,0.51,0.17,PS2,Capcom,NULL,NULL,NULL
"Burnout Paradise",865,2008,Racing,1.01,0.64,0.02,0.3,PS3,"Electronic Arts",NULL,NULL,NULL
"E.T.: The Extra Terrestrial",866,1981,Action,1.84,0.11,0,0.02,2600,Atari,NULL,NULL,NULL
"BioShock Infinite",867,2013,Shooter,1.22,0.57,0.02,0.15,X360,"Take-Two Interactive",NULL,NULL,NULL
"Hot Shots Golf: Open Tee",868,2004,Sports,0.5,0.5,0.63,0.33,PSP,"Sony Computer Entertainment",NULL,NULL,NULL
"Rad Racer",869,1986,Racing,1.13,0.37,0.41,0.05,NES,Nintendo,NULL,NULL,NULL
Soccer,870,1985,Sports,0.18,0.23,1.53,0.02,NES,Nintendo,NULL,NULL,NULL
"Kirby Squeak Squad",871,2006,Platform,0.79,0.03,1.05,0.08,DS,Nintendo,NULL,NULL,NULL
"Tom Clancy's Rainbow Six: Vegas",872,2006,Shooter,1.09,0.65,0.02,0.2,X360,Ubisoft,NULL,NULL,NULL
Destiny,873,2014,Shooter,1.3,0.49,0,0.16,X360,Activision,NULL,NULL,NULL
"Crash Nitro Kart",874,2003,Racing,0.74,1.01,0,0.2,PS2,"Vivendi Games",NULL,NULL,NULL
"Grand Theft Auto: San Andreas",875,2005,Action,1.26,0.61,0,0.09,XB,"Take-Two Interactive",NULL,NULL,NULL
"Star Wars: Dark Forces",876,1994,Shooter,1.09,0.77,0,0.09,PC,LucasArts,NULL,NULL,NULL
"NBA Street Vol. 2",877,2003,Sports,1.69,0.2,0,0.06,PS2,"Electronic Arts",NULL,NULL,NULL
"Def Jam Vendetta",878,2003,Fighting,0.95,0.74,0,0.25,PS2,"Electronic Arts",NULL,NULL,NULL
"FIFA Soccer 09",879,2008,Sports,0.49,1.26,0.01,0.18,X360,"Electronic Arts",NULL,NULL,NULL
"Who wants to be a millionaire",880,1999,Misc,1.94,0,0,0,PC,"Disney Interactive Studios",NULL,NULL,NULL
"Scooby Doo and the Cyber Chase",881,2001,Adventure,0.59,1.23,0,0.13,PS,THQ,NULL,NULL,NULL
Alleyway,882,1989,Puzzle,0.96,0.38,0.55,0.05,GB,Nintendo,NULL,NULL,NULL
"Dragon Ball Z: Budokai 3",883,2004,Fighting,1.09,0.15,0.65,0.04,PS2,Atari,NULL,NULL,NULL
"Jet Moto 2",884,1997,Racing,1.41,0.42,0.03,0.07,PS,"Sony Computer Entertainment",NULL,NULL,NULL
"Tom Clancy's Ghost Recon",885,2002,Shooter,1.42,0.4,0,0.12,PS2,Ubisoft,NULL,NULL,NULL
"X-Men Legends",886,2004,Role-Playing,1,0.72,0,0.21,PS2,Activision,NULL,NULL,NULL
"Batman: Arkham Origins",887,2013,Action,1.15,0.61,0,0.17,X360,"Warner Bros. Interactive Entertainment",NULL,NULL,NULL
"Guitar Hero: World Tour",888,2008,Misc,1.1,0.56,0,0.27,PS3,Activision,NULL,NULL,NULL
"Mortal Kombat II",889,1993,Fighting,1.48,0.39,0,0.06,SNES,"Acclaim Entertainment",NULL,NULL,NULL
"Virtua Fighter 2",890,1995,Fighting,0.34,0.26,1.3,0.03,SAT,Sega,NULL,NULL,NULL
"Tetris DX",891,1998,Puzzle,1.06,0.6,0.2,0.07,GB,Nintendo,NULL,NULL,NULL
"Mortal Kombat vs. DC Universe",892,2008,Fighting,1.53,0.24,0,0.16,X360,"Midway Games",NULL,NULL,NULL
"Watch Dogs",893,2014,Action,0.56,0.89,0.1,0.37,PS3,Ubisoft,NULL,NULL,NULL
"Mario Super Sluggers",894,2008,Sports,1.51,0,0.29,0.12,Wii,Nintendo,NULL,NULL,NULL
"Tomb Raider (2013)",895,2013,Action,0.86,0.87,0.01,0.17,X360,"Square Enix",NULL,NULL,NULL
"The Legend of Zelda: Oracle of Ages",896,2001,Action,0.92,0.53,0.41,0.06,GB,Nintendo,NULL,NULL,NULL
"Need for Speed: Shift",897,2009,Racing,0.73,0.97,0.01,0.22,X360,"Electronic Arts",NULL,NULL,NULL
Monopoly,898,2008,Misc,0.87,0.85,0,0.2,Wii,"Electronic Arts",NULL,NULL,NULL
"Red Faction",899,2001,Shooter,0.76,0.96,0,0.2,PS2,THQ,NULL,NULL,NULL
"The Sims: Makin' Magic",900,2003,Simulation,1.03,0.8,0,0.09,PC,"Electronic Arts",NULL,NULL,NULL
"MX Unleashed",901,2004,Racing,0.94,0.73,0,0.25,PS2,THQ,NULL,NULL,NULL
"PaRappa The Rapper",902,1996,Misc,0.26,0.16,1.46,0.03,PS,"Sony Computer Entertainment",NULL,NULL,NULL
"Toy Story Mania!",903,2009,Misc,1.06,0.67,0,0.18,Wii,"Disney Interactive Studios",NULL,NULL,NULL
"Mario Party 3",904,2000,Misc,0.72,0.16,1.01,0.02,N64,Nintendo,NULL,NULL,NULL
"Star Wars: The Force Unleashed",905,2008,Action,1.14,0.57,0,0.19,Wii,LucasArts,NULL,NULL,NULL
"Game Party 2",906,2008,Misc,1.3,0.44,0,0.17,Wii,"Midway Games",NULL,NULL,NULL
"Destiny: The Taken King",907,2015,Shooter,0.77,0.78,0.04,0.31,PS4,Activision,NULL,NULL,NULL
"LEGO Star Wars III: The Clone Wars",908,2011,Action,1.08,0.66,0,0.17,Wii,LucasArts,NULL,NULL,NULL
"Star Wars Rogue Leader: Rogue Squadron II",909,2001,Simulation,1.03,0.75,0.03,0.09,GC,LucasArts,NULL,NULL,NULL
"Max Payne 3",910,2012,Shooter,0.59,0.92,0.06,0.32,PS3,"Take-Two Interactive",NULL,NULL,NULL
"Need for Speed Rivals",911,2013,Racing,0.73,0.91,0.03,0.22,PS4,"Electronic Arts",NULL,NULL,NULL
"Madden NFL 09",912,2008,Sports,1.56,0.15,0,0.18,PS3,"Electronic Arts",NULL,NULL,NULL
"Yokai Watch",913,2013,Role-Playing,0.21,0.3,1.33,0.04,3DS,Nintendo,NULL,NULL,NULL
"Ratchet & Clank Future: A Crack in Time",914,2009,Platform,1.05,0.54,0.03,0.26,PS3,"Sony Computer Entertainment",NULL,NULL,NULL
"Yu-Gi-Oh! Forbidden Memories",915,1999,Role-Playing,1.37,0.44,0,0.08,PS,"Konami Digital Entertainment",NULL,NULL,NULL
"Mortal Kombat: Deception",916,2004,Fighting,0.92,0.72,0,0.24,PS2,"Midway Games",NULL,NULL,NULL
"Hot Shots Golf 2",917,1999,Sports,0.25,0.12,1.48,0.03,PS,"Sony Computer Entertainment",NULL,NULL,NULL
"Medal of Honor: European Assault (All Region sales)",918,2005,Shooter,0.89,0.69,0.09,0.21,PS2,"Electronic Arts",NULL,NULL,NULL
"WCW Nitro",919,1998,Fighting,1.42,0.36,0.03,0.07,PS,THQ,NULL,NULL,NULL
"High School Musical: Sing It!",920,2007,Misc,0.47,0.08,0,1.33,PS2,"Disney Interactive Studios",NULL,NULL,NULL
"Star Fox Adventures",921,2002,Adventure,0.96,0.53,0.3,0.09,GC,Nintendo,NULL,NULL,NULL
"FIFA 2000",922,1998,Sports,0.22,1.47,0.04,0.14,PS,"Electronic Arts",NULL,NULL,NULL
"Dynasty Warriors 3",923,2001,Action,0.53,0.16,1.07,0.1,PS2,THQ,NULL,NULL,NULL
"Donkey Kong Country Returns",924,2013,Platform,0.73,0.62,0.4,0.12,3DS,Nintendo,NULL,NULL,NULL
"The Legend of Zelda: Oracle of Seasons",925,2001,Adventure,0.87,0.52,0.41,0.06,GB,Nintendo,NULL,NULL,NULL
"Madden NFL 06",926,2005,Sports,1.75,0.03,0,0.08,XB,"Electronic Arts",NULL,NULL,NULL
"Shrek 2",927,2004,Platform,1.12,0.69,0.03,0.02,,Activision,NULL,NULL,NULL
"The Legend of Dragoon",928,1999,Role-Playing,0.94,0.44,0.39,0.1,PS,"Sony Computer Entertainment",NULL,NULL,NULL
"Turok 2: Seeds of Evil",929,1997,Platform,1.37,0.41,0.04,0.04,N64,"Acclaim Entertainment",NULL,NULL,NULL
SingStar,930,2004,Misc,0,1.37,0,0.49,PS2,"Sony Computer Entertainment",NULL,NULL,NULL
"LittleBigPlanet 3",931,2014,Platform,0.64,0.92,0.01,0.29,PS4,"Sony Computer Entertainment",NULL,NULL,NULL
"NBA Live 2002",932,2001,Sports,0.91,0.71,0,0.24,PS2,"Electronic Arts",NULL,NULL,NULL
"Phineas and Ferb",933,2009,Action,1.34,0.37,0,0.15,DS,"Disney Interactive Studios",NULL,NULL,NULL
"Chrono Cross",934,1999,Role-Playing,0.62,0.42,0.69,0.12,PS,SquareSoft,NULL,NULL,NULL
"GoldenEye 007 (2010)",935,2010,Action,0.85,0.71,0.13,0.16,Wii,Activision,NULL,NULL,NULL
"Mario Party: Island Tour",936,2013,Misc,0.61,0.59,0.55,0.11,3DS,Nintendo,NULL,NULL,NULL
"Jak 3",937,2004,Platform,1.33,0.49,0,0.03,PS2,"Sony Computer Entertainment",NULL,NULL,NULL
"Rayman Raving Rabbids 2",938,2007,Misc,0.83,0.82,0,0.2,Wii,Ubisoft,NULL,NULL,NULL
"Kingdom Hearts: Chain of Memories",939,2004,Role-Playing,1.26,0.18,0.35,0.06,GBA,"Square Enix",NULL,NULL,NULL
Pinball,940,1984,Action,0.8,0.19,0.83,0.03,NES,Nintendo,NULL,NULL,NULL
"inFAMOUS 2",941,2011,Action,1.05,0.49,0.08,0.23,PS3,"Sony Computer Entertainment",NULL,NULL,NULL
"Gran Turismo Concept 2001 Tokyo",942,2001,Racing,0,1.1,0.42,0.33,PS2,Unknown,NULL,NULL,NULL
"Demon's Souls",943,2009,Role-Playing,0.97,0.34,0.35,0.18,PS3,"Namco Bandai Games",NULL,NULL,NULL
"NCAA Football 06",944,2005,Sports,1.53,0.05,0,0.25,PS2,"Electronic Arts",NULL,NULL,NULL
"Hey You, Pikachu!",945,1998,Simulation,0.83,0.06,0.93,0,N64,Nintendo,NULL,NULL,NULL
"2 Games in 1: Sonic Advance & ChuChu Rocket!",946,2005,Misc,1.31,0.49,0,0.03,GBA,THQ,NULL,NULL,NULL
"World of Warcraft: Mists of Pandaria",947,2012,Role-Playing,0.84,0.76,0,0.23,PC,Activision,NULL,NULL,NULL
"Jet Moto",948,1996,Racing,1.33,0.4,0.03,0.07,PS,"Sony Computer Entertainment",NULL,NULL,NULL
"Just Cause 3",949,2015,Action,0.46,1.02,0.07,0.28,PS4,"Square Enix",NULL,NULL,NULL
"Secret of Mana",950,1993,Role-Playing,0.25,0.07,1.49,0.02,SNES,SquareSoft,NULL,NULL,NULL
"The Orange Box",951,2007,Shooter,1.09,0.54,0.02,0.17,X360,"Electronic Arts",NULL,NULL,NULL
"Air Combat",952,1995,Simulation,0.92,0.33,0.52,0.05,PS,"Sony Computer Entertainment",NULL,NULL,NULL
"Kirby: Triple Deluxe",953,2014,Platform,0.61,0.34,0.79,0.09,3DS,Nintendo,NULL,NULL,NULL
"Sonic & Knuckles",954,1994,Platform,1.24,0.43,0.03,0.12,GEN,Sega,NULL,NULL,NULL
"Namco Museum",955,2001,Misc,1.73,0.07,0,0.02,PS2,"Namco Bandai Games",NULL,NULL,NULL
"The Sims: Hot Date",956,2001,Simulation,1.81,0,0,0,PC,"Electronic Arts",NULL,NULL,NULL
"Metroid Prime 3: Corruption",957,2007,Shooter,0.91,0.74,0.07,0.09,Wii,Nintendo,NULL,NULL,NULL
"Dragon Quest VI: Realms of Revelation",958,2010,Role-Playing,0.22,0.21,1.35,0.03,DS,Nintendo,NULL,NULL,NULL
"The Evil Within",959,2014,Action,0.55,0.84,0.11,0.31,PS4,"Bethesda Softworks",NULL,NULL,NULL
"DDRMAX2: Dance Dance Revolution",960,2003,Simulation,1.05,0.59,0,0.18,PS2,"Konami Digital Entertainment",NULL,NULL,NULL
"Crazy Taxi",961,2000,Racing,1.1,0.51,0.12,0.08,DC,Sega,NULL,NULL,NULL
"Virtua Fighter 4",962,2002,Fighting,0.78,0.44,0.56,0.04,PS2,Sega,NULL,NULL,NULL
"Sly 2: Band of Thieves",963,2004,Platform,0.88,0.69,0,0.23,PS2,"Sony Computer Entertainment",NULL,NULL,NULL
"Guitar Hero: World Tour",964,2008,Misc,1,0.03,0,0.77,PS2,Activision,NULL,NULL,NULL
"Sonic Advance 2",965,2002,Platform,0.93,0.59,0.21,0.07,GBA,Sega,NULL,NULL,NULL
"Madden NFL 07",966,2006,Sports,1.66,0,0.01,0.13,X360,"Electronic Arts",NULL,NULL,NULL
"NBA 2K11",967,2010,Action,1.41,0.21,0.03,0.16,PS3,"Take-Two Interactive",NULL,NULL,NULL
"NFL GameDay 2000",968,1999,Sports,1,0.68,0,0.12,PS,"989 Studios",NULL,NULL,NULL
"Call of Duty: Black Ops 3",969,2015,Shooter,0.49,0.96,0.07,0.27,PS3,Activision,NULL,NULL,NULL
"Disney's The Lion King",970,1994,Platform,1.26,0.39,0.08,0.06,SNES,"Virgin Interactive",NULL,NULL,NULL
"Beyond: Two Souls",971,2013,Adventure,0.52,0.88,0.06,0.34,PS3,"Sony Computer Entertainment",NULL,NULL,NULL
"Kinect Star Wars",972,2012,Action,1.05,0.57,0.03,0.14,X360,"Microsoft Game Studios",NULL,NULL,NULL
"Midnight Club II",973,2003,Racing,1.25,0.29,0,0.24,PS2,"Take-Two Interactive",NULL,NULL,NULL
"Dragon Quest Monsters: Joker",974,2006,Role-Playing,0.23,0.03,1.49,0.03,DS,"Square Enix",NULL,NULL,NULL
"SpongeBob SquarePants: SuperSponge",975,2001,Action,1.12,0.58,0,0.08,PS,THQ,NULL,NULL,NULL
"The Getaway: Black Monday",976,2004,Action,0.39,1.01,0.02,0.36,PS2,"Sony Computer Entertainment",NULL,NULL,NULL
"Professor Layton and the Mask of Miracle",977,2011,Puzzle,0.32,0.95,0.36,0.14,3DS,Nintendo,NULL,NULL,NULL
"Just Cause 2",978,2010,Action,0.45,0.94,0.06,0.33,PS3,"Square Enix",NULL,NULL,NULL
"Dragon's Dogma",979,2012,Role-Playing,0.41,0.46,0.72,0.19,PS3,Capcom,NULL,NULL,NULL
"The Legend of Zelda: The Wind Waker",980,2013,Action,0.93,0.57,0.14,0.13,WiiU,Nintendo,NULL,NULL,NULL
"50 Cent: Bulletproof",981,2005,Action,0.85,0.76,0,0.16,PS2,"Vivendi Games",NULL,NULL,NULL
"High School Musical: Sing It!",982,2007,Misc,1.16,0.45,0,0.16,Wii,"Disney Interactive Studios",NULL,NULL,NULL
"Wii Party U",983,2013,Misc,0.31,0.54,0.84,0.08,WiiU,Nintendo,NULL,NULL,NULL
"Madden NFL 25",984,2013,Sports,1.59,0.03,0,0.15,PS3,"Electronic Arts",NULL,NULL,NULL
"Final Fantasy II",985,1991,Role-Playing,0.24,0.09,1.33,0.12,SNES,Square,NULL,NULL,NULL
"Kirby 64: The Crystal Shards",986,2000,Platform,0.63,0.06,1.03,0.04,N64,Nintendo,NULL,NULL,NULL
"Dead or Alive 3",987,2001,Fighting,1.19,0.29,0.24,0.06,XB,"Microsoft Game Studios",NULL,NULL,NULL
"UFC 2009 Undisputed",988,2009,Fighting,1.07,0.45,0.01,0.24,PS3,THQ,NULL,NULL,NULL
"Metroid II: Return of Samus",989,1991,Adventure,0.85,0.31,0.56,0.04,GB,Nintendo,NULL,NULL,NULL
"WWF Attitude",990,1998,Fighting,1.27,0.42,0,0.07,PS,"Acclaim Entertainment",NULL,NULL,NULL
"The SpongeBob SquarePants Movie",991,2004,Platform,1.06,0.54,0,0.16,PS2,THQ,NULL,NULL,NULL
"Golden Sun",992,2001,Role-Playing,0.93,0.38,0.4,0.06,GBA,Nintendo,NULL,NULL,NULL
"Sonic the Hedgehog 3",993,1994,Platform,1.02,0.47,0.2,0.07,GEN,Sega,NULL,NULL,NULL
"Kid Icarus",994,1986,Platform,0.53,0.12,1.09,0.02,NES,Nintendo,NULL,NULL,NULL
"Def Jam: Fight for NY",995,2004,Fighting,0.86,0.67,0,0.22,PS2,"Electronic Arts",NULL,NULL,NULL
"Tom Clancy's Ghost Recon",996,2002,Shooter,1.23,0.46,0,0.07,XB,Ubisoft,NULL,NULL,NULL
"State of Emergency",997,2002,Action,0.86,0.67,0,0.22,PS2,"Take-Two Interactive",NULL,NULL,NULL
"BioShock Infinite",998,2013,Shooter,0.72,0.69,0.04,0.31,PS3,"Take-Two Interactive",NULL,NULL,NULL
"Hitman: Absolution",999,2012,Action,0.68,0.9,0.01,0.17,X360,"Square Enix",NULL,NULL,NULL
"2 Games in 1 Double Pack: The Incredibles / Finding Nemo: The Continuing Adventures",1000,2007,Action,1.26,0.47,0,0.03,GBA,THQ,NULL,NULL,NULL
"Call of Duty: Black Ops 3",1001,2015,Shooter,1.11,0.48,0,0.16,X360,Activision,NULL,NULL,NULL
"The Urbz: Sims in the City",1002,2004,Simulation,0.52,0.95,0,0.29,PS2,"Electronic Arts",NULL,NULL,NULL
"FIFA Soccer 08",1003,2007,Sports,0.35,1.07,0.02,0.32,PS3,"Electronic Arts",NULL,NULL,NULL
"Star Wars: Starfighter",1004,2001,Simulation,0.61,0.87,0.02,0.26,PS2,Activision,NULL,NULL,NULL
"Madden NFL 2000",1005,1998,Sports,1.68,0.04,0,0.04,PS,"Electronic Arts",NULL,NULL,NULL
"Kingdom Hearts",1006,2013,Role-Playing,0.9,0.37,0.25,0.24,PS3,"Square Enix",NULL,NULL,NULL
"Star Wars: Battlefront",1007,2004,Shooter,1.24,0.45,0,0.07,XB,Activision,NULL,NULL,NULL
"Pro Evolution Soccer",1008,2001,Sports,0.06,0.9,0.53,0.27,PS2,"Konami Digital Entertainment",NULL,NULL,NULL
Crackdown,1009,2007,Shooter,1,0.54,0.03,0.18,X360,"Microsoft Game Studios",NULL,NULL,NULL
Yoshi,1010,1991,Puzzle,0.7,0.13,0.91,0.01,NES,Nintendo,NULL,NULL,NULL
"Disney's Aladdin",1011,1993,Platform,0.94,0.34,0.21,0.27,SNES,Capcom,NULL,NULL,NULL
"Kirby's Adventure",1012,1993,Platform,0.79,0.14,0.8,0.02,NES,Nintendo,NULL,NULL,NULL
"Cooking Mama 3: Shop & Chop",1013,2009,Simulation,0.83,0.66,0.08,0.18,DS,"505 Games",NULL,NULL,NULL
"Dance Dance Revolution X",1014,2008,Simulation,0.85,0.66,0.01,0.22,PS2,"Konami Digital Entertainment",NULL,NULL,NULL
"2 Games in 1: Disney Princess & The Lion King",1015,2004,Misc,1.25,0.46,0,0.03,GBA,THQ,NULL,NULL,NULL
"Star Wars Episode I: The Phantom Menace",1016,1999,Adventure,0.72,0.89,0.04,0.1,PS,LucasArts,NULL,NULL,NULL
